,t,depth,so2_emitted,so2_pool,so2_oxidised,so4_pool,so4_removed,d34S_so2_pool,d34S_so4_pool,d33S_so4_pool,D33S_so4_pool,f_volc,d34S_so4_tot,d33S_so4_tot,D33S_so4_tot
0,0.0,0.0,0.0,0.0,0.0,0.0,0.0,0.025266693329141613,0.4928057934207784,0.2259980881901868,0.013533306217565518,0.0,0.002873062472964461,0.0013175710083150939,7.88993042450371e-05
1,0.0,7.105427357601002e-15,0.0,0.0,0.0,0.0,0.0,0.03759047795510537,0.4806092545140914,0.2218892901485244,0.01504889511904493,0.0,0.007939978000248248,0.003665755633547314,0.0002486175516825334
2,0.0,0.0,0.0,0.0,0.0,0.0,0.0,0.0497078545297938,0.4686169824913473,0.24422341375744958,0.015608837731129265,0.0,0.014635058644240218,0.007627175531784818,0.0004874690079498454
3,0.0,7.105427357601002e-15,0.0,0.0,2.7755575615628914e-17,0.0,6.938893903907228e-18,0.06161893072428178,0.45682887117464527,0.21309054071785294,0.01711308730462385,0.0,0.0224894541260106,0.010490339474032257,0.0008424686270422229
4,0.0,0.0,0.0,0.0,0.0,0.0,0.0,0.07332391999161277,0.44524470969301577,0.17191770614331514,0.013406607712812825,0.0,0.031116779891767216,0.012014798390861009,0.0009369464750799467
5,0.0,7.105427357601002e-15,0.0,0.0,0.0,0.0,1.3877787807814457e-17,0.0848231410389841,0.4338641830045889,0.14713349933871064,0.014588762170550591,0.0,0.04020074629830814,0.013633013995154434,0.0013517574157958466
6,0.0,0.0,0.0,0.0,0.0,0.0,0.0,0.09611701711464256,0.42268687260198246,0.18687707715804816,0.018901573214067217,0.0,0.04948451918557946,0.021877950107715413,0.0022128325315413544
7,0.0,7.105427357601002e-15,0.0,0.0,0.0,0.0,0.0,0.10720607511141268,0.4117122573994104,0.27104519905587804,0.01656563596116622,0.0,0.05876157778783552,0.038684890386662035,0.0023643282138007806
8,0.0,0.0,0.0,0.0,5.551115123125783e-17,0.0,0.0,0.11809094449033912,0.4009397147973139,0.2562601517690219,0.016862680599111935,0.0,0.06786786695565056,0.04337766812421376,0.0028543796515511097
9,0.0,7.105427357601002e-15,0.0,0.0,5.551115123125783e-17,0.0,2.7755575615628914e-17,0.12877235602864526,0.3903685219215866,0.20702350739679767,0.02049116202374967,0.0,0.07667506762320567,0.04066296470603023,0.004024815387560038
10,0.0,0.0,0.0,0.0,0.0,0.0,0.0,0.13925114039572373,0.3799978570323002,0.22869934723736468,0.015409575872381218,0.0,0.08508483288423511,0.05120777757115306,0.0034503383733741713
11,0.0,7.105427357601002e-15,0.0,0.0,0.0,0.0,0.0,0.14952822656267895,0.369826801097568,0.2436797887212541,0.012784408358065885,0.0,0.09302385739477839,0.061293648401688945,0.003215707938007401
12,0.0,0.0,0.0,0.0,0.0,0.0,0.0,0.15960464005090147,0.3598543395268079,0.2358971915097354,0.01609151717068471,0.0,0.100439665500222,0.06584173762871784,0.004491335589116182
13,0.0,0.0,0.0,0.0,0.0,0.0,0.0,0.1694815010255175,0.35007936405713697,0.17844387063483874,0.019359683738043372,0.0,0.10729701883625671,0.05469187079989071,0.005933615528294274
14,0.0,0.0,0.0,0.0,0.0,0.0,0.0,0.17916002223997576,0.340500674787466,0.20771345374021716,0.01777876825488579,0.0,0.11357485748177863,0.06928334553321581,0.005930152919698564
15,0.0,7.105427357601002e-15,0.0,0.0,0.0,0.0,0.0,0.18864150683930747,0.3311169823523203,0.20701979754999814,0.014997852105902118,0.0,0.11926370030899977,0.0745656321147606,0.005402016308948395
16,0.0,0.0,0.0,0.0,0.0,4.440892098500626e-16,5.551115123125783e-17,0.19792734602889134,0.3219269102288447,0.24996471138019533,0.01595757669863208,0.0,0.12436344021385086,0.09656375547233785,0.0061645642928935115
17,0.0,7.105427357601002e-15,0.0,1.7763568394002505e-15,0.0,0.0,0.0,0.20701901661655112,0.3129289971691371,0.19509820398218913,0.016180779527489215,0.0,0.12888147861650898,0.08035223719155457,0.006664140458493191
18,0.0,0.0,0.0,0.0,0.0,4.440892098500626e-16,0.0,0.21591807843576524,0.30412169975019887,0.2575440886125624,0.01634645870166483,0.0,0.13283115117284908,0.1124874607641231,0.007139638272195195
19,0.0,0.0,0.0,0.0,0.0,4.440892098500626e-16,0.0,0.2246261716586082,0.29550339503305967,0.24254425156833093,0.017018571367391468,5.551115123125783e-17,0.1362304031836496,0.11181563980790704,0.007845753646011672
20,0.0,0.0,0.0,0.0,0.0,0.0,0.0,0.23314501400683896,0.28707238332304086,0.21307441170293479,0.01870932564317471,0.0,0.13910067886214403,0.10324502473189086,0.009065587807134925
21,0.0,7.105427357601002e-15,0.0,0.0,0.0,0.0,0.0,0.24147639786936892,0.27882689102194946,0.25174974501229014,0.016062428862035863,0.0,0.14146599353562742,0.12772809562941667,0.008149455919530962
22,0.0,0.0,0.0,0.0,0.0,0.0,0.0,0.24962218733575017,0.27076507356427687,0.2280206158664334,0.018369722298966527,0.0,0.14335216211488236,0.12072180455527125,0.009725550545874559
23,0.0,7.105427357601002e-15,0.0,0.0,0.0,0.0,0.0,0.2575843151537894,0.26288501842772954,0.22981646580944365,0.01682573816137131,0.0,0.14478616085051582,0.12657337410777822,0.00926691846660213
24,0.0,7.105427357601002e-15,0.0,0.0,1.1102230246251565e-16,0.0,0.0,0.2653647796209547,0.255184748209819,0.25219378020165345,0.01701535496759927,0.0,0.14579560258622892,0.14408676228081982,0.009721442790460097
25,0.0,0.0,0.0,0.0,1.1102230246251565e-16,0.0,0.0,0.27296564141848223,0.24766222376100233,0.2622175216694011,0.01432579283232288,0.0,0.14640830847845268,0.15501283650782668,0.008468853522922296
26,0.0,0.0,0.0,0.0,1.1102230246251565e-16,0.0,0.0,0.2803890203967712,0.24031534736593832,0.22724817880039933,0.014407264394846636,0.0,0.14665196153916304,0.13867774797809107,0.008792004368744168
27,0.0,0.0,0.0,0.0,0.0,0.0,0.0,0.2876370923216668,0.23314196596365355,0.2846433938250026,0.016278458924330726,0.0,0.14655382942145503,0.1789278014026735,0.010232694412521382
28,0.0,0.0,0.0,0.0,1.1102230246251565e-16,0.0,0.0,0.2947120855902398,0.22613987439770997,0.21327785008547515,0.016992666377814616,0.0,0.1461405456501755,0.13782859599440594,0.010981334199106494
29,0.0,7.105427357601002e-15,0.0,0.0,1.1102230246251565e-16,0.0,0.0,0.3016162779247839,0.2193068186883032,0.28622827342745755,0.017532236276882458,0.0,0.14543794003985486,0.18981831352731215,0.011626872085659396
30,0.0,7.105427357601002e-15,0.0,0.0,0.0,0.0,0.0,0.3083519930536197,0.2126404993167029,0.2508456950839234,0.016562559845076423,0.0,0.14447091036991971,0.170428051324196,0.011252833334023835
31,0.0,0.0,0.0,0.0,0.0,0.0,0.0,0.3149215973873988,0.2061385745151942,0.2776595954858137,0.014965325279827144,0.0,0.14326332853513066,0.19296940391951525,0.010400684671664604
32,0.0,0.0,0.0,0.0,0.0,0.0,0.0,0.32132749669862914,0.19979866355287904,0.21006076329087453,0.018544253598182785,0.0,0.14183797537555926,0.1491230864171259,0.013164649544920713
33,0.0,0.0,0.0,0.0,1.1102230246251565e-16,0.0,0.0,0.3275721328131805,0.1936183500103372,0.22430441099122359,0.018521466848096968,0.0,0.1402164992435375,0.1624390419213564,0.01341306359731265
34,0.0,0.0,0.0,0.0,1.1102230246251565e-16,0.0,1.1102230246251565e-16,0.3336579803201171,0.1875951850354653,0.25526227755971254,0.014968625779054867,0.0,0.13841939409766357,0.18834838319077968,0.01104478300133202
35,0.0,7.105427357601002e-15,0.0,0.0,1.1102230246251565e-16,0.0,0.0,0.3395875433088666,0.1817266905731164,0.2466367911166124,0.01766134020865292,0.0,0.1364659935448558,0.18520963892698913,0.01326262163970799
36,0.0,7.105427357601002e-15,0.0,0.0,1.1102230246251565e-16,0.0,0.0,0.3453633521394012,0.17601036256139,0.25185915168305395,0.02061451870356391,0.0,0.13437447779380537,0.19228096285067914,0.01573808010761795
37,0.0,0.0,0.0,0.0,0.0,0.0,1.1102230246251565e-16,0.350987960252997,0.17044367408795907,0.2356323164365276,0.01512544123861319,0.0,0.13216189094929945,0.1827091129996662,0.011728255250505965
38,0.0,0.0,0.0,0.0,0.0,8.881784197001252e-16,0.0,0.35646394102955675,0.1650240785005688,0.241955441257094,0.016030792718525807,0.0,0.12984416647713634,0.19037526450739617,0.012613340655603511
39,0.0,0.0,0.0,0.0,0.0,0.0,0.0,0.36179388469766643,0.15974901246506312,0.2804329190704236,0.016648420296137514,0.0,0.12743615901139918,0.2237090140041087,0.013280900478875757
40,0.0,0.0,0.0,0.0,1.1102230246251565e-16,0.0,1.1102230246251565e-16,0.36698039530299326,0.15461589896575154,0.25999348125847493,0.020852939146374757,1.1102230246251565e-16,0.12495168097036805,0.2101117850227054,0.016852146622317786
41,0.0,0.0,0.0,0.0,0.0,0.0,1.1102230246251565e-16,0.3720260877401667,0.14962215024298606,0.28366339929281653,0.019562428728657936,0.0,0.12240354269838592,0.2320605936415168,0.01600371720553229
42,0.0,7.105427357601002e-15,0.0,0.0,0.0,8.881784197001252e-16,1.1102230246251565e-16,0.3769335848532959,0.14476517066301156,0.3081447296792083,0.01827041994273391,1.1102230246251565e-16,0.11980359506551823,0.2550119358612682,0.015120087120897028
43,0.0,0.0,0.0,0.0,0.0,8.881784197001252e-16,1.1102230246251565e-16,0.3817055146091534,0.1400423595153855,0.27364151333970776,0.018115925995898775,0.0,0.11716277363986505,0.22893500792785493,0.01515621519145319
44,0.0,7.105427357601002e-15,0.0,0.0,0.0,8.881784197001252e-16,0.0,0.38634450734754033,0.13545111373465643,0.2504166782337147,0.0133088453012002,0.0,0.11449114370424295,0.21166671209333723,0.011249408571879367
45,0.0,0.0,0.0,0.0,0.0,0.0,0.0,0.3908531931121972,0.13098883054184218,0.3158723498277513,0.014819457754082315,1.1102230246251565e-16,0.1117979455203769,0.26959458765574634,0.01264829164272285
46,0.0,0.0,0.0,0.0,0.0,0.0,1.1102230246251565e-16,0.3952341990657387,0.1266529100029844,0.30929174318157066,0.014761204157304803,1.1102230246251565e-16,0.10909163935746523,0.26640638026090835,0.012714464755469628
47,0.0,0.0,0.0,0.0,0.0,8.881784197001252e-16,0.0,0.3994901469914777,0.12244075750173768,0.3083400773136759,0.018369517142226992,0.0,0.10637994989678747,0.26789447113094594,0.015959949555118955
48,0.0,7.105427357601002e-15,0.0,0.0,0.0,0.0,0.0,0.40362365088437796,0.11834978612355156,0.3207263047528144,0.01587992513846369,1.1102230246251565e-16,0.10366990970479528,0.28094404005906565,0.013910210226360796
49,0.0,0.0,0.0,0.0,0.0,8.881784197001252e-16,0.0,0.4076373146338376,0.11437741894932787,0.2691222179051411,0.017575415653781838,1.1102230246251565e-16,0.10096790153498904,0.23757054362594382,0.015514887933899978
50,0.0,7.105427357601002e-15,0.0,0.0,0.0,0.0,1.1102230246251565e-16,0.4115337297996038,0.11052109125649859,0.25451701173597824,0.02266062994483077,0.0,0.0982796992756553,0.22632653269680392,0.020150723007305874
51,0.0,0.0,0.0,0.0,0.0,0.0,0.0,0.41531547348217523,0.10677825262683847,0.32223079968766316,0.018534707745001145,0.0,0.0956105074091772,0.28852926043536625,0.016596196028543637
52,0.0,0.0,0.0,0.0,0.0,0.0,0.0,0.41898510628929,0.10314636895919913,0.31231100106778276,0.015984690878570997,1.1102230246251565e-16,0.09296499888713955,0.2814834119676344,0.014406874277129767
53,0.0,0.0,0.0,0.0,0.0,0.0,0.0,0.42254517039888717,0.0996229243867167,0.30987723788356464,0.0158134598802552,0.0,0.09034735135937477,0.2810255557311457,0.014341119022594065
54,0.0,7.105427357601002e-15,0.0,0.0,0.0,0.0,0.0,0.4259981877186731,0.0962054230982523,0.2887421561912896,0.01736340695445513,0.0,0.08776128172225274,0.2633986827199434,0.015839386183373497
55,0.0,0.0,0.0,0.0,0.0,0.0,0.0,0.42934665814314465,0.09289139106375183,0.2873930305692779,0.014588601567509898,0.0,0.08521007897351328,0.2636281204405554,0.013382250792514188
56,0.0,7.105427357601002e-15,0.0,0.0,0.0,0.0,0.0,0.43259305790724484,0.08967837766372166,0.29343365268323673,0.01509243392463387,1.1102230246251565e-16,0.08269663537929191,0.270588924734484,0.013917440722797601
57,0.0,0.0,0.0,0.0,0.0,0.0,0.0,0.4357398380362912,0.08656395722311244,0.29547390639981586,0.020116252269007723,0.0,0.08022347597345099,0.27383156444375695,0.01864281315627908
58,0.0,7.105427357601002e-15,0.0,0.0,0.0,8.881784197001252e-16,0.0,0.4387894228921598,0.08354573045092768,0.30666162320263834,0.015745743502026042,1.1102230246251565e-16,0.07779278642166955,0.28554495877605257,0.014661494425774113
59,0.0,0.0,0.0,0.0,0.0,0.0,0.0,0.4417442088135474,0.08062132578540032,0.3156828623654139,0.012017181438478472,0.0,0.07540643929027464,0.29526332349459394,0.011239865553599473
60,0.0,7.105427357601002e-15,0.0,0.0,0.0,8.881784197001252e-16,0.0,0.44460656285046624,0.07778840064720113,0.3048212475684285,0.013251797454754344,0.0,0.073066018769004,0.28631614496148367,0.012447306712777342
61,0.0,0.0,0.0,0.0,0.0,0.0,0.0,0.4476184888572604,0.07480744589622391,0.31317298638678204,0.012877783784173528,0.0,0.0705443033779071,0.2953258181288809,0.012143901923427203
62,0.0,7.105427357601002e-15,0.0,0.0,0.0,0.0,0.0,0.45076061552221025,0.07169763286511346,0.31605007558001036,0.018892450050336098,0.0,0.06785684611515906,0.29911951742764437,0.017880396110368253
63,0.0,0.0,0.0,0.0,0.0,0.0,0.0,0.4540158076773225,0.06847591984268184,0.3043509885106168,0.012151681355343788,0.0,0.0650187647620748,0.2889851698602857,0.011538177410715368
64,0.0,7.105427357601002e-15,0.0,0.0,0.0,0.0,0.0,0.4573688918964043,0.06515732364071355,0.31988258358436583,0.012066662219215755,1.1102230246251565e-16,0.062044733770517425,0.30460167218893935,0.0114902332241006
65,0.0,0.0,0.0,0.0,0.0,0.0,0.0,0.4608064218921516,0.06175515177352243,0.35371058733733884,0.01698924220816075,0.0,0.05894896278813776,0.3376377784186576,0.016217241444088235
66,0.0,7.105427357601002e-15,0.0,0.0,0.0,0.0,0.0,0.464316477139895,0.05828120175459955,0.35048627386171344,0.0161117751216948,0.0,0.05574516904761327,0.335235307390472,0.015410691625711449
67,0.0,0.0,0.0,0.0,0.0,0.0,0.0,0.4678884893708106,0.054745932812041195,0.32106414874775074,0.01689430399856331,0.0,0.052446548473048075,0.3075791310026451,0.016184726208266876
68,0.0,7.105427357601002e-15,0.0,0.0,0.0,0.0,0.0,0.4715130925478738,0.05115861436439359,0.2809387132049581,0.012362894805003318,0.0,0.04906574864620184,0.269445692741355,0.01185713680048218
69,0.0,0.0,0.0,0.0,0.0,0.0,0.0,0.47518199271234385,0.04752745483254671,0.3425799097770073,0.01658285251312727,0.0,0.04561484555630353,0.3287937410119725,0.01591552206896765
70,0.0,7.105427357601002e-15,0.0,0.0,0.0,0.0,0.0,0.47888785471571277,0.04385971374168074,0.2897101010657752,0.015190533759912282,0.0,0.04210532519201351,0.2781216970231442,0.014582912409515791
71,0.0,0.0,0.0,0.0,0.0,0.0,0.0,0.4826242033575479,0.04016179956933619,0.3506957785939506,0.017053507539390434,1.1102230246251565e-16,0.03854807043727309,0.33660457749048467,0.01636828570632338
72,0.0,0.0,0.0,0.0,0.0,0.0,0.0,0.4863853368616961,0.036439355386146614,0.3538594616703051,0.017177162807760576,1.1102230246251565e-16,0.03495335332304238,0.3394290228077412,0.016476675680583964
73,0.0,0.0,0.0,0.0,0.0,0.0,0.0,0.49016625096072486,0.03269733400654358,0.31093802601530546,0.020669768444656355,0.0,0.0313308324222205,0.2979431651776856,0.019805928251398954
74,0.0,7.105427357601002e-15,0.0,0.0,0.0,0.0,0.0,0.49396257213446965,0.02894006409435654,0.3257916542675317,0.016205531593980724,0.0,0.027689555008209882,0.3117140965080192,0.01550528558077091
75,0.0,0.0,0.0,0.0,0.0,0.0,0.0,0.4977704987776856,0.025171308452334527,0.27839180164874416,0.015583336340669832,0.0,0.02403796351065504,0.2658571358088211,0.014881692425351227
76,0.0,7.105427357601002e-15,0.0,0.0,0.0,0.0,0.0,0.501586749259376,0.021394315559910695,0.270715601407556,0.016599496273089837,1.1102230246251565e-16,0.020383905777136904,0.2579302570367252,0.015815536002125367
77,0.0,0.0,0.0,0.0,0.0,0.0,0.0,0.5054085159954188,0.017611865332353756,0.30574430712241346,0.016948982763073814,1.1102230246251565e-16,0.01673464869909578,0.2905157105671688,0.016104783167176492
78,0.0,0.0,0.0,0.0,0.0,0.0,0.0,0.5092334247853464,0.013826310173417932,0.2837232199914063,0.018109129108560662,0.0,0.013096894986922528,0.2687552333899638,0.01715377127119741
79,0.0,0.0,1.1102230246251565e-16,0.0,0.0,0.0,0.0,0.5130594987758433,0.010039613279584126,0.3738209752675666,0.015418622037761568,1.1102230246251565e-16,0.009476803836056615,0.3528649912858842,0.014554271405184904
80,0.0,7.105427357601002e-15,1.1102230246251565e-16,0.0,0.0,0.0,0.0,0.5168851265054287,0.0062533924905072025,0.3435536028300485,0.016915910556306746,0.0,0.005880022264289723,0.32304110715650686,0.015905915204076634
81,0.0,0.0,0.0,0.0,0.0,0.0,0.0,0.5207090335625176,0.0024690729307890427,0.37453959939142095,0.01710717921766125,0.0,0.0023118226549954514,0.35068592760818135,0.016017657471874672
82,0.0,7.105427357601002e-15,0.0,0.0,0.0,0.0,0.0,0.5245302574563665,0.0013141157857549212,0.33342944830756716,0.01615904370953137,0.0,0.0012247679838162837,0.310759308711931,0.015060377174567282
83,0.0,0.0,0.0,0.0,0.0,8.881784197001252e-16,0.0,0.5283481253563883,0.005092115757965466,0.3866938697294931,0.015465412733044229,0.0,0.004722408822829346,0.35861842678812156,0.014342565057555908
84,0.0,0.0,0.0,0.0,0.0,0.0,0.0,0.5321622344033746,0.008866916238820485,0.32249663205320384,0.01467859921890716,1.1102230246251565e-16,0.008179592971288216,0.2974981508517569,0.013540780556116013
85,0.0,0.0,0.0,0.0,0.0,0.0,0.0,0.5359724343380281,0.012637903007260498,0.4006596599366309,0.015683292053620845,0.0,0.011592564661067997,0.36751928007585866,0.014386055750353805
86,0.0,0.0,0.0,0.0,1.1102230246251565e-16,0.0,0.0,0.5397788122281189,0.016405125019004277,0.3416396816886669,0.017871815456204643,0.0,0.014958359886085189,0.3115105373562613,0.016295703147761496
87,0.0,0.0,0.0,0.0,1.1102230246251565e-16,0.0,0.0,0.5435816791059783,0.02016888072111988,0.31926424073320075,0.015974112160930018,0.0,0.018274409850329198,0.289275625474011,0.014473657545025838
88,0.0,7.105427357601002e-15,0.0,0.0,0.0,0.0,0.0,0.5473815583555314,0.023929684633632087,0.35871410989988456,0.01779299257100793,1.1102230246251565e-16,0.02153849825529892,0.3228694129704906,0.016015018388858417
89,0.0,7.105427357601002e-15,0.0,0.0,1.1102230246251565e-16,0.0,0.0,0.5511791757118614,0.02768825343152778,0.3574601227493926,0.017300068157697503,0.0,0.02474873588278377,0.3195104446883866,0.015463410093663987
90,0.0,0.0,0.0,0.0,1.1102230246251565e-16,8.881784197001252e-16,0.0,0.554975450757227,0.031445496397853136,0.36577042956965383,0.01691552281415795,1.1102230246251565e-16,0.027903538552242015,0.3245707796638174,0.015010192143394193
91,0.0,0.0,0.0,0.0,1.1102230246251565e-16,0.0,1.1102230246251565e-16,0.558771489815388,0.035202507987087926,0.35887087569643356,0.013532739476486474,0.0,0.031001606507287238,0.3160449158721084,0.01191780609408709
92,0.0,0.0,0.0,0.0,1.1102230246251565e-16,8.881784197001252e-16,0.0,0.5625685801644373,0.03896056192708194,0.3614074625174827,0.018096983418187638,0.0,0.034041904829191345,0.3157808264317596,0.015812292142253985
93,0.0,0.0,0.0,0.0,0.0,0.0,0.0,0.5663681855019943,0.04272110665183116,0.3531309538623533,0.01761516489038835,0.0,0.03702364478542218,0.30603596262356375,0.015265934308619417
94,0.0,7.105427357601002e-15,0.0,0.0,0.0,0.0,1.1102230246251565e-16,0.5701719426114015,0.046485761960574516,0.32235809375472,0.01721423507418601,0.0,0.039946266091679665,0.27700959706444955,0.014792581337515001
95,0.0,7.105427357601002e-15,0.0,0.0,0.0,8.881784197001252e-16,0.0,0.5739816591903738,0.050256316846700844,0.38829013999211553,0.017303225396796785,0.0,0.042809420087313164,0.3307539581419867,0.01473926247194867
96,0.0,0.0,0.0,0.0,1.1102230246251565e-16,8.881784197001252e-16,0.0,0.5777993128163582,0.054034728460596385,0.3506275437987598,0.016308566634809018,0.0,0.04561295382275532,0.29597924186741514,0.013766737023048635
97,0.0,0.0,0.0,0.0,0.0,8.881784197001252e-16,1.1102230246251565e-16,0.5816270510336798,0.057823122188257525,0.34171524205917214,0.018283583438157593,0.0,0.04835689505549271,0.28577301732892857,0.015290376792155955
98,0.0,0.0,0.0,0.0,0.0,0.0,0.0,0.5854671925596681,0.06162379284020516,0.31793327586988473,0.015950885084707975,1.1102230246251565e-16,0.05104143814618492,0.26333613831603025,0.013211717047978359
99,0.0,0.0,0.0,0.0,0.0,0.0,1.1102230246251565e-16,0.5893222296186061,0.06543920695813579,0.373556998572483,0.01665408516076359,1.1102230246251565e-16,0.053666930843079795,0.3063554486710579,0.01365807561129592
100,0.0,7.105427357601002e-15,0.0,0.0,0.0,0.0,1.1102230246251565e-16,0.593194831423147,0.06927200625863433,0.3279168964540023,0.017061681295279532,1.1102230246251565e-16,0.056233861939538304,0.2661974797436708,0.013850388955575601
101,0.0,7.105427357601002e-15,0.0,0.0,1.1102230246251565e-16,0.0,0.0,0.5970878488348688,0.07312501224446057,0.33564105211716394,0.017159624447330803,0.0,0.0587428497863148,0.26962746810524896,0.013784684752315899
102,0.0,0.0,0.0,1.7763568394002505e-15,0.0,0.0,0.0,0.6010043202482471,0.0770012320269637,0.35327391776295164,0.0176790186836932,0.0,0.061194631639075195,0.28075482295694426,0.014049918522213984
103,0.0,7.105427357601002e-15,0.0,1.7763568394002505e-15,1.1102230246251565e-16,0.0,0.0,0.6049474787549823,0.0809038654161886,0.3744216424501337,0.012422225693719388,0.0,0.06359005382060716,0.29429363198559766,0.009763810373852454
104,0.0,0.0,0.0,0.0,0.0,8.881784197001252e-16,1.1102230246251565e-16,0.6089207606591619,0.08483631334811192,0.35801821921138943,0.018475587394634417,0.0,0.06593006267600114,0.27823184082624375,0.014358198592457965
105,0.0,0.0,0.0,1.7763568394002505e-15,0.0,0.0,1.1102230246251565e-16,0.6129278154297623,0.08880218773440345,0.3530358013182768,0.01821424496744356,0.0,0.06821569630006127,0.27119357777315595,0.013991743162344247
106,0.0,0.0,0.0,1.7763568394002505e-15,0.0,0.0,0.0,0.6169725171924345,0.09280532283585187,0.3573131259313293,0.01745631331457144,0.0,0.07044807701640099,0.2712346861731621,0.013251004007415424
107,0.0,7.105427357601002e-15,0.0,0.0,0.0,0.0,1.1102230246251565e-16,0.6210589778818875,0.09684978827956398,0.36665323066563643,0.014371783364475782,0.0,0.0726284045895357,0.2749560908071,0.010777511395846335
108,0.0,0.0,0.0,1.7763568394002505e-15,0.0,0.0,1.1102230246251565e-16,0.6251915621956842,0.10093990385861434,0.37266424542715143,0.016485826594228568,0.0,0.07475795015168823,0.276001997406122,0.012209706524656416
109,0.0,7.105427357601002e-15,0.0,1.7763568394002505e-15,0.0,0.0,0.0,0.6293749045141251,0.10508025627820004,0.34655459785962034,0.01667723502097991,0.0,0.07683805083015445,0.2534118277677403,0.012194928691988122
110,0.0,0.0,0.0,0.0,0.0,0.0,0.0,0.6336139279761556,0.10927571803528538,0.35025789976006005,0.013341462657764381,0.0,0.07887010506150399,0.25279977884727817,0.009629244084694434
111,0.0,0.0,0.0,1.7763568394002505e-15,0.0,0.0,0.0,0.6379138659319028,0.11353146865047124,0.39850756699079454,0.017416085445688893,0.0,0.08085556858375294,0.28381167175040295,0.012403499293660856
112,0.0,0.0,0.0,0.0,0.0,0.0,0.0,0.6422802860255837,0.11785301850347203,0.4349979999085551,0.01580899834144288,0.0,0.08279595110043972,0.3056016179013417,0.011106385481221049
113,0.0,7.105427357601002e-15,0.0,0.0,0.0,0.0,0.0,0.6467191172017516,0.12224623556174272,0.4458796463533488,0.01596418891405711,0.0,0.08469281361425514,0.3089076862732624,0.011060071256902775
114,0.0,0.0,0.0,1.7763568394002505e-15,0.0,0.0,0.0,0.6512366799738359,0.12671737533765468,0.377341290572972,0.019950982720939554,0.0,0.08654776643339107,0.2577235031515005,0.013626489564256274
115,0.0,7.105427357601002e-15,0.0,0.0,0.0,0.0,0.0,0.6558397203449242,0.13127311446069748,0.39613949532608983,0.017552708792512722,0.0,0.08836246785855065,0.26664914264477263,0.01181506718173634
116,0.0,0.0,0.0,0.0,0.0,0.0,0.0,0.6605354478331505,0.13592058831201143,0.3899320509094138,0.01809074294795282,0.0,0.09013862356499279,0.25859171733546116,0.011997260230019641
117,0.0,0.0,0.0,0.0,0.0,0.0,0.0,0.6653315781236002,0.14066743323790226,0.43086653460883545,0.015647677587682835,0.0,0.09187798670018278,0.2814237014575584,0.010220397715357585
118,0.0,0.0,5.551115123125783e-17,0.0,0.0,0.0,0.0,0.6702363809540522,0.14552183394312918,0.3551358086138922,0.015553834262974452,0.0,0.09358235872666242,0.22838116960082305,0.01000237873679885
119,0.0,7.105427357601002e-15,0.0,0.0,0.0,0.0,0.0,0.6752587339380315,0.15049257676080444,0.36891324219032895,0.019775164482828445,0.0,0.09525359104819396,0.2335019564434301,0.012516600294192758
120,0.0,0.0,0.0,0.0,0.0,0.0,0.0,0.6804081831459904,0.15558910961092381,0.3290276511550211,0.015773045467807917,0.0,0.09689358746824346,0.20490296252984921,0.009822711656988142
121,0.0,7.105427357601002e-15,0.0,0.0,0.0,0.0,0.0,0.6856950114020691,0.16082160959489772,0.40635613917580843,0.015328039024645128,0.0,0.09850430754198486,0.24889584307591317,0.00938852604387248
122,0.0,0.0,0.0,0.0,0.0,0.0,0.0,0.6911303154171011,0.16620105933576076,0.4711304894610504,0.015234854909775346,0.0,0.10008777089809542,0.283719012867562,0.00917456647971695
123,0.0,7.105427357601002e-15,0.0,0.0,0.0,0.0,0.0,0.696726093073143,0.17173933336555505,0.4208960733478307,0.017249493089910178,0.0,0.1016460626232309,0.24911258120654994,0.010209327243072077
124,0.0,0.0,0.0,0.0,0.0,0.0,0.0,0.7024953424085718,0.17744929609285415,0.36241567749240233,0.014333058520813945,0.0,0.10318133982286627,0.21073363490216596,0.008334235268892045
125,0.0,7.105427357601002e-15,0.0,0.0,0.0,0.0,0.0,0.7084521741320577,0.183344913159942,0.4160988762285128,0.0180682396988195,0.0,0.10469583949590627,0.23760583486733644,0.010317545716858577
126,0.0,0.0,0.0,0.0,0.0,0.0,0.0,0.7146119398329359,0.1894413783356786,0.480612648567451,0.01533644679974561,0.0,0.10619188789050615,0.26940874767601847,0.00859688761507798
127,0.0,7.105427357601002e-15,0.0,0.0,0.0,0.0,0.0,0.7209913784650519,0.19575525849337594,0.4039964240255357,0.015819735777764757,0.0,0.10767191154205204,0.222211487782101,0.008701381533205458
128,0.0,0.0,0.0,0.0,0.0,0.0,0.0,0.7276087841804463,0.2023046597192703,0.3930869819852251,0.0194630079804896,0.0,0.1091384502379939,0.21206087928043524,0.010499820077836836
129,0.0,7.105427357601002e-15,0.0,0.0,0.0,0.0,0.0,0.734484199199275,0.20910941819986856,0.4052952627281198,0.01930477589371916,0.0,0.11059417220511907,0.2143533010896246,0.010209945242784627
130,0.0,0.0,0.0,0.0,0.0,0.0,0.0,0.7416396361517072,0.2161913202783228,0.4049485549001967,0.017289841038713574,0.0,0.11204189187811664,0.20986597494255066,0.008960519311115054
131,0.0,7.105427357601002e-15,0.0,0.0,5.551115123125783e-17,0.0,0.0,0.7490993352523541,0.22357435698554168,0.4414476773523117,0.015378454119392567,0.0,0.11348459068609366,0.22407537988309467,0.0078059827372644495
132,0.0,0.0,0.0,0.0,5.551115123125783e-17,0.0,0.0,0.7568900628161169,0.2312850194871061,0.4448322319088551,0.015790530444014676,0.0,0.11492544138980852,0.22103697295184682,0.00784630878853252
133,0.0,7.105427357601002e-15,0.0,0.0,0.0,0.0,0.0,0.7650414590538615,0.2393526433042416,0.41234737833297724,0.016377467944118373,0.0,0.11636783662266661,0.20047396047615115,0.007962354155377546
134,0.0,0.0,0.0,0.0,0.0,0.0,0.0,0.7735864448825657,0.24780981094211127,0.4791033974408449,0.013076617459908676,5.551115123125783e-17,0.11781542243797495,0.22777858933982226,0.006216974236176762
135,0.0,7.105427357601002e-15,0.0,0.0,0.0,0.0,0.0,0.7825616997479339,0.25669282480072225,0.44656059031601086,0.013360950205140257,0.0,0.11927213785471787,0.2074940596021894,0.006208155977770928
136,0.0,0.0,0.0,0.0,5.551115123125783e-17,0.0,0.0,0.7920082253320467,0.2660422650882122,0.45404575524534796,0.016557476599874645,0.0,0.12074226163400587,0.20606692457480769,0.007514547250445786
137,0.0,0.0,0.0,0.0,0.0,4.440892098500626e-16,0.0,0.8019720136908418,0.27590365109046777,0.45531121957585746,0.014380457738308193,0.0,0.12223046782458766,0.20171136972845727,0.006370811223185914
138,0.0,0.0,0.0,0.0,0.0,0.0,5.551115123125783e-17,0.8125048430913578,0.28632822882776854,0.4171586059815319,0.013889625038675652,0.0,0.12374189201017995,0.180282591708882,0.006002651183343641
139,0.0,7.105427357601002e-15,0.0,0.0,0.0,0.0,0.0,0.8236652309418495,0.29737391418929043,0.43081004834590747,0.01434158074677417,5.551115123125783e-17,0.12528221070186085,0.18149821714017228,0.006042039517196561
140,0.0,0.0,0.0,0.0,0.0,0.0,5.551115123125783e-17,0.8355195812056115,0.3091064285529196,0.4670469294657715,0.019128469243757492,0.0,0.12685773698605957,0.19167675294133232,0.00785035216391522
141,0.0,7.105427357601002e-15,0.0,0.0,0.0,4.440892098500626e-16,0.0,0.8481435742213472,0.32160067431903483,0.4834003618621586,0.01738136746857097,0.0,0.1284755364156014,0.19311253288022337,0.00694364374045458
142,0.0,0.0,0.0,0.0,0.0,0.0,5.551115123125783e-17,0.8616238608427449,0.3349424116357653,0.4505414902099204,0.013238578569765293,0.0,0.1301435682982989,0.17506017501932575,0.0051439166686965835
143,0.0,0.0,0.0,8.881784197001252e-16,0.0,0.0,0.0,0.876060141569733,0.3492303161586704,0.5473767589449189,0.019176875122827473,0.0,0.1318708591005532,0.20669180226881279,0.007241269959399259
144,0.0,0.0,0.0,0.0,0.0,0.0,0.0,0.8915677367486659,0.3645785228310846,0.49337456620112197,0.015008956994901573,0.0,0.1336677168003221,0.1808890202290065,0.0055028283001525855
145,0.0,7.105427357601002e-15,0.0,0.0,0.0,0.0,0.0,0.9082807886924164,0.38111979508938637,0.5061889500263634,0.018888678987665483,0.0,0.13554599792209063,0.18002708663391973,0.006717795495803788
146,0.0,0.0,0.0,0.0,0.0,0.0,0.0,0.9263562847185769,0.39900950654730505,0.460429694429241,0.013166339271275642,0.0,0.13751944299776866,0.15868803644665866,0.004537805774536884
147,0.0,7.105427357601002e-15,0.0,0.0,0.0,0.0,0.0,0.9459791575900307,0.4184306890083763,0.5498400839908734,0.014446247531381509,0.0,0.1396041018214006,0.18344718274096944,0.004819807591282507
148,0.0,0.0,3.469446951953614e-18,0.0,0.0,0.0,0.0,0.9673688157074871,0.4396004955334958,0.5009686352278045,0.014285172858428969,0.0,0.14181887785298353,0.1616167643335479,0.004608518883172932
149,0.0,0.0,0.0,0.0,0.0,0.0,0.0,0.9907875935522423,0.4627785640197603,0.5129782325112168,0.015381107323236262,0.0,0.14418623263788347,0.1598267606186581,0.004792235620147915
150,0.0,0.0,0.0,0.0,0.0,0.0,0.0,1.0165518151017994,0.48827796689373076,0.49228568397421607,0.021397001138277458,0.0,0.1467331079584799,0.14793747273205138,0.006430043317301477
151,0.0,0.0,0.0,0.0,0.0,0.0,0.0,1.0423289571017442,0.5137901888709356,0.5187139453187656,0.014525807171964568,0.0,0.14874695807910757,0.15017243059649163,0.004205354008844601
152,0.0,0.0,0.0,0.0,2.7755575615628914e-17,0.0,0.0,1.0681190244937149,0.5393152348512804,0.6114740064112396,0.013679844349464546,0.0,0.15026083646553076,0.17036528868986764,0.0038113977166538532
153,0.0,7.105427357601002e-15,0.0,0.0,0.0,0.0,0.0,1.093922022221499,0.5648531097381148,0.601918297984274,0.013462965255956747,0.0,0.15130807939161814,0.16123678890764656,0.003606345403213498
154,0.0,7.105427357601002e-15,0.0,0.0,0.0,0.0,0.0,1.119737955230837,0.5904038184381686,0.5809185881835779,0.016932688854776726,0.0,0.1519218507186094,0.14948112508343037,0.004357094835980391
155,0.0,0.0,0.0,4.440892098500626e-16,0.0,0.0,0.0,1.1455668284695077,0.6159673658609974,0.5688422006271575,0.013672083356530423,2.7755575615628914e-17,0.1521347815202949,0.140495566337301,0.003376801320416705
156,0.0,0.0,0.0,0.0,0.0,0.0,0.0,1.1714086468872325,0.6415437569187366,0.6693256490782499,0.014168839395503409,2.7755575615628914e-17,0.1519786891941872,0.1585600883710978,0.003356531203847925
157,0.0,0.0,0.0,0.0,0.0,0.0,0.0,1.1972634154357187,0.6671329965262067,0.6591921478074337,0.014850305137843843,0.0,0.1514843629550501,0.14968125260711437,0.0033720248064600298
158,0.0,0.0,0.0,0.0,0.0,2.220446049250313e-16,0.0,1.2231311390685684,0.6927350896004646,0.6672039787379886,0.01896489785868394,2.7755575615628914e-17,0.15068140454803763,0.1451279632655291,0.0041251807355460034
159,0.0,7.105427357601002e-15,0.0,0.0,0.0,0.0,2.7755575615628914e-17,1.2490118227411795,0.7183500410607189,0.6114315445744034,0.017160343100452752,2.7755575615628914e-17,0.14959811468759635,0.12733208199416576,0.0035736825064133938
160,0.0,7.105427357601002e-15,0.0,0.0,0.0,0.0,0.0,1.2749054714109636,0.7439778558283637,0.6627695580435725,0.021284567123488852,0.0,0.1482614171609042,0.13207806274991557,0.00424163173764256
161,0.0,0.0,0.0,0.0,0.0,0.0,2.7755575615628914e-17,1.300812090037149,0.7696185388269884,0.6645165105273221,0.018623906025728117,0.0,0.1466968137642191,0.1266633401745399,0.003549898470458657
162,0.0,0.0,0.0,0.0,0.0,0.0,2.7755575615628914e-17,1.326731683580784,0.795272094982054,0.732600690771052,0.013963246867394051,0.0,0.14492836429453065,0.13350728695804168,0.0025446266020157757
163,0.0,0.0,0.0,0.0,0.0,0.0,0.0,1.3526642570047538,0.8209385292209586,0.7132271536749039,0.01718775832183992,0.0,0.14297868672180586,0.12421914447545931,0.002993504416074277
164,0.0,0.0,0.0,0.0,1.3877787807814457e-17,0.0,0.0,1.3786098152737856,0.8466178464731217,0.7240326954708431,0.017638824126309672,0.0,0.1408689734390747,0.12047199686634757,0.0029349287375605923
165,0.0,0.0,0.0,0.0,0.0,0.0,0.0,1.4045683633543586,0.8723100516697254,0.740349355992084,0.0178695837873111,0.0,0.1386190201474659,0.11764911122827064,0.0028396602679272723
166,0.0,7.105427357601002e-15,0.0,0.0,0.0,0.0,0.0,1.430539906214864,0.8980151497439269,0.6749915616120916,0.016111529017665407,0.0,0.13624726449653773,0.10241002488000124,0.0024444484663086767
167,0.0,0.0,0.0,0.0,1.3877787807814457e-17,0.0,0.0,1.4565244488254603,0.9237331456307167,0.7731297008007683,0.017113307413872913,0.0,0.13377083207981122,0.1119611262959701,0.0024782713310869627
168,0.0,7.105427357601002e-15,0.0,2.220446049250313e-16,0.0,0.0,0.0,1.4825219961579867,0.9494640442668529,0.8016377807895322,0.015025990440513457,0.0,0.13120558779391478,0.11077760854811125,0.0020764281910808325
169,0.0,0.0,0.0,2.220446049250313e-16,0.0,0.0,0.0,1.5085325531861946,0.975207850590931,0.7770488058071512,0.019139968126264215,0.0,0.12856619091652186,0.10244196153499105,0.0025233111021064113
170,0.0,0.0,0.0,2.220446049250313e-16,0.0,0.0,0.0,1.5345561248855666,1.0009645695433225,0.785212621804415,0.014779112246056549,0.0,0.12586615255234418,0.09873645346623142,0.0018583974429774882
171,0.0,0.0,0.0,0.0,0.0,0.0,0.0,1.5605927162333626,1.0267342060662312,0.84224678524967,0.016362356337465005,1.3877787807814457e-17,0.12311789434542594,0.1009956131844841,0.0019620451397216595
172,0.0,7.105427357601002e-15,0.0,0.0,0.0,0.0,0.0,1.5866423322086127,1.0525167651036296,0.8194222892901153,0.017939897209396035,0.0,0.1203328075661119,0.093683433767273,0.002051044002554707
173,0.0,0.0,0.0,0.0,0.0,0.0,0.0,1.6127049777921443,1.0783122516011845,0.8690569273138034,0.014280235560170045,1.3877787807814457e-17,0.11752131185819044,0.09471533873950662,0.0015563506898703615
174,0.0,7.105427357601002e-15,0.0,0.0,0.0,1.1102230246251565e-16,1.3877787807814457e-17,1.638780657966467,1.104120670506375,0.8540192316559493,0.01625520913423403,1.3877787807814457e-17,0.11469291308046681,0.08871308736611253,0.0016885448648311931
175,0.0,0.0,0.0,0.0,0.0,0.0,0.0,1.6648693777159236,1.1299420267684754,0.8917820039344324,0.015184052049394752,0.0,0.11185625980156622,0.08828010389500286,0.0015031136382589038
176,0.0,0.0,0.0,0.0,0.0,0.0,1.3877787807814457e-17,1.6909711420266176,1.1557763253383833,0.8259669050908083,0.018311166662194865,0.0,0.10901919811080799,0.07790975440918667,0.0017272102414810973
177,0.0,0.0,0.0,0.0,0.0,0.0,1.3877787807814457e-17,1.7170859558863536,1.1816235711689156,0.8404802548224175,0.017009285265071224,0.0,0.10618882449451601,0.07553133878512086,0.0015285714095928493
178,0.0,7.105427357601002e-15,0.0,0.0,6.938893903907228e-18,0.0,0.0,1.7432138242847512,1.2074837692145188,0.9581166181931995,0.012510869874172166,0.0,0.10337153659853689,0.08202345206482776,0.001071043666217398
179,0.0,0.0,0.0,0.0,0.0,0.0,0.0,1.7693547522131627,1.2333569244314488,0.9127265815668457,0.020244278738459055,0.0,0.10057308175687511,0.07442754266118982,0.0016508031538482477
180,0.0,7.105427357601002e-15,0.0,0.0,0.0,0.0,0.0,1.7955087446646407,1.259243041777629,0.9564866700835132,0.015852028959994297,0.0,0.097798603214404,0.07428515165373678,0.0012311414389181055
181,0.0,0.0,0.0,0.0,6.938893903907228e-18,0.0,0.0,1.8216758066340568,1.285142126212707,0.9437285560760691,0.018305537557681942,0.0,0.09505268401091407,0.06980078732391318,0.001353928442333444
182,0.0,7.105427357601002e-15,0.0,0.0,0.0,0.0,0.0,1.8478559431180088,1.3110541826981637,0.9351519572611549,0.016526116899852762,0.0,0.09233938852526168,0.06586406652849736,0.0011639576375774543
183,0.0,0.0,0.0,1.1102230246251565e-16,0.0,0.0,0.0,1.874049159114812,1.3369792161971463,0.9686976399513989,0.013582460096404635,0.0,0.08966230170351419,0.06496410639789407,0.0009108852406125934
184,0.0,7.105427357601002e-15,0.0,0.0,0.0,0.0,0.0,1.9002554596245536,1.362917231674506,0.8967788427965354,0.015650453657904462,0.0,0.08702456601483179,0.05726084298587073,0.0009993078859535907
185,0.0,0.0,0.0,0.0,0.0,0.0,0.0,1.9264748496490804,1.38886823409691,0.9944015826901786,0.01732335511616956,0.0,0.08442891619404455,0.0604493974496909,0.0010530819709140937
186,0.0,7.105427357601002e-15,0.0,0.0,0.0,0.0,0.0,1.9527073341919579,1.41483222843266,1.028903240311485,0.01594473257965531,0.0,0.0818777118414233,0.05954362738559865,0.0009227371226847269
187,0.0,0.0,0.0,0.0,0.0,0.0,0.0,1.9789529182584682,1.4408092196518991,1.0202480771876996,0.014986950064768976,0.0,0.07937296795864357,0.05620460837976321,0.0008256184726358849
188,0.0,7.105427357601002e-15,0.0,0.0,0.0,5.551115123125783e-17,0.0,2.0052116068557053,1.4667992127262728,1.0283785504315515,0.01657360134803281,6.938893903907228e-18,0.07691638350571807,0.0539263713041062,0.000869090647374155
189,0.0,0.0,0.0,0.0,0.0,5.551115123125783e-17,0.0,2.031483404992411,1.4928022126294516,1.0689177097473161,0.019014076520798714,0.0,0.07450936806759356,0.05335226756480005,0.000949038535693305
190,0.0,7.105427357601002e-15,0.0,0.0,0.0,0.0,6.938893903907228e-18,2.0577683176791632,1.5188182243365984,1.1188507950578133,0.017130413923424934,0.0,0.07215306672098812,0.0531521908106536,0.0008137984381342925
191,0.0,0.0,0.0,0.0,0.0,0.0,6.938893903907228e-18,2.084066349928257,1.5448472528247628,1.0957630051926783,0.016538887328325775,0.0,0.06984838319293467,0.04954358700213948,0.0007477856063642224
192,0.0,7.105427357601002e-15,0.0,0.0,0.0,0.0,0.0,2.110377506753693,1.5708893030726168,1.070380285534627,0.010890249730538773,0.0,0.06759600140188878,0.04605889615521056,0.00046861184592227647
193,0.0,0.0,0.0,0.0,3.469446951953614e-18,0.0,0.0,2.1367017931712127,1.5969443800606018,1.1482238943468182,0.018688992611689544,0.0,0.06539640547108617,0.04702087079792008,0.0007653321893614119
194,0.0,7.105427357601002e-15,0.0,0.0,3.469446951953614e-18,0.0,0.0,2.16303921419835,1.6230124887708222,1.1255677382242308,0.014599935886075078,0.0,0.06324989830176295,0.04386413873398158,0.0005689694111385879
195,0.0,0.0,0.0,0.0,3.469446951953614e-18,0.0,0.0,2.1893897748543263,1.6490936341871862,1.1335050166924252,0.01720184184410385,0.0,0.061156618791397506,0.0420360207370291,0.0006379301104320167
196,0.0,0.0,0.0,0.0,0.0,0.0,0.0,2.21575348016016,1.6751878212953208,1.1487895900822023,0.017940453166982114,0.0,0.059116557779186556,0.04054022200669405,0.000633109805807092
197,0.0,0.0,0.0,0.0,0.0,0.0,0.0,2.2421303351385515,1.7012950550825234,1.1348200789600946,0.018934096489803584,0.0,0.05712957279782823,0.03810731484800747,0.0006358079044218877
198,0.0,7.105427357601002e-15,0.0,0.0,0.0,0.0,0.0,2.268520344813949,1.727415340537867,1.1199159131163874,0.015889169281434298,0.0,0.05519540170730474,0.035784218914956985,0.000507700181133657
199,0.0,0.0,0.0,0.0,0.0,0.0,0.0,2.2949235142125826,1.7535486826521658,1.185583540656118,0.016370262842303585,3.469446951953614e-18,0.05331367528286759,0.03604565788937983,0.0004977100927416265
200,0.0,7.105427357601002e-15,0.0,0.0,0.0,0.0,0.0,2.3213398483624017,1.7796950864178205,1.2152011693547629,0.01375044109803439,3.469446951953614e-18,0.05148392882591354,0.0351539603551724,0.0003977797861098978
201,0.0,0.0,0.0,0.0,0.0,2.7755575615628914e-17,3.469446951953614e-18,2.3477693522930867,1.8058545568292064,1.173699092910337,0.021545689268085384,0.0,0.049705612862915416,0.03230572058482442,0.0005930387281601066
202,0.0,0.0,0.0,0.0,0.0,2.7755575615628914e-17,3.469446951953614e-18,2.374212031036063,1.8320270988821976,1.1718965488892206,0.014562372838045868,0.0,0.04797810299401714,0.03069025199203979,0.00038136718844788617
203,0.0,0.0,0.0,0.0,0.0,2.7755575615628914e-17,0.0,2.400667889624507,1.8582127175744838,1.2213897228721589,0.018007505737314432,0.0,0.046300708949546715,0.030433119705739094,0.00044868936379844943
204,0.0,7.105427357601002e-15,0.0,0.0,0.0,0.0,0.0,2.4271369330933283,1.8844114179055234,1.286395238628263,0.015672190807540825,0.0,0.044672682909283654,0.030495849284932354,0.0003715318235638927
205,0.0,0.0,0.0,0.0,0.0,0.0,0.0,2.4536191664791605,1.9106232048764207,1.2284967315568474,0.01731802790699015,0.0,0.04309322713610775,0.027708178438233425,0.00039060014985720413
206,0.0,7.105427357601002e-15,0.0,0.0,0.0,0.0,0.0,2.4801145948204315,1.936848083490067,1.3011109405767767,0.018294954226478987,0.0,0.04156150097253217,0.027919651563334046,0.00039257893500150567
207,0.0,0.0,0.0,0.0,1.734723475976807e-18,0.0,0.0,2.5066232231572303,1.9630860587510126,1.229316859267595,0.013804311445648207,0.0,0.040076627245610216,0.025096644803721428,0.0002818166028551686
208,0.0,0.0,0.0,0.0,0.0,0.0,0.0,2.5331450565314686,1.989337135665629,1.2723344866850441,0.018544097795137042,0.0,0.038637698122865285,0.024711787120687636,0.00036017085275475737
209,0.0,0.0,0.0,0.0,0.0,0.0,0.0,2.5596800999867964,2.015601319241958,1.2945690813850113,0.01916432002921307,0.0,0.03724378045913813,0.023920725887609705,0.00035411354467911754
210,0.0,7.105427357601002e-15,0.0,0.0,0.0,0.0,0.0,2.5862283585685577,2.041878614489789,1.2910597973049374,0.014340344185709288,0.0,0.0358939206716808,0.022695373573144155,0.0002520870599034439
211,0.0,0.0,0.0,2.7755575615628914e-17,0.0,0.0,0.0,2.6127898373238088,2.0681690264206494,1.2737372584435063,0.015723954087343957,0.0,0.03458714917835473,0.021301421696687615,0.00026296049246699797
212,0.0,7.105427357601002e-15,0.0,2.7755575615628914e-17,0.0,0.0,0.0,2.6393645413014823,2.094472560047732,1.3830655333471105,0.0156148842754314,0.0,0.03332248443147773,0.022004193600713644,0.0002484285294983918
213,0.0,7.105427357601002e-15,0.0,2.7755575615628914e-17,0.0,0.0,0.0,2.665952475552123,2.1207892203860554,1.370787536487868,0.015021489390694798,0.0,0.032098936577677616,0.020747381103335495,0.00022735584970881692
214,0.0,0.0,0.0,0.0,0.0,1.3877787807814457e-17,0.0,2.6925536451280947,2.147119012452339,1.3425243487876655,0.014933400278495823,0.0,0.03091551077204002,0.019330472938836385,0.00021502007783244376
215,0.0,0.0,0.0,0.0,0.0,0.0,0.0,2.71916805508346,2.1734619412649683,1.3818396996528168,0.014748514273553852,1.734723475976807e-18,0.029771210172906962,0.018927886126079308,0.00020201923477001103
216,0.0,0.0,0.0,0.0,0.0,1.3877787807814457e-17,1.734723475976807e-18,2.74579571047406,2.1998180118441035,1.3511412429161433,0.015541048216691928,0.0,0.02866503864186785,0.01760623639332086,0.00020250981911597055
217,0.0,0.0,0.0,0.0,0.0,0.0,0.0,2.7724366163575085,2.226187229211736,1.4166974806508552,0.018128091096250794,0.0,0.027596003171758213,0.0175615005137308,0.00022471733411533206
218,0.0,7.105427357601002e-15,0.0,0.0,0.0,0.0,0.0,2.7990907777930927,2.2525695983913803,1.4082071381062935,0.017712408546369643,0.0,0.02656311606389872,0.01660608829944305,0.00020887113291611725
219,0.0,7.105427357601002e-15,0.0,0.0,0.0,0.0,0.0,2.825758199841886,2.278965124408525,1.4792357690297522,0.016033781873245643,0.0,0.02556539687431264,0.016594044858733732,0.0001798667266099886
220,0.0,0.0,0.0,0.0,8.673617379884035e-19,0.0,0.0,2.852438887566713,2.30537381229019,1.4435060034129497,0.015819699985989772,0.0,0.02460187414723494,0.015404422847791598,0.00016882046027741785
221,0.0,0.0,0.0,0.0,8.673617379884035e-19,0.0,0.0,2.8791328460320966,2.3317956670652014,1.3602202033907824,0.022599259398012862,0.0,0.023671586952954012,0.013808487284932124,0.00022941990221026813
222,0.0,0.0,0.0,0.0,0.0,0.0,0.0,2.9058400803044098,2.3582306937641664,1.49078927632001,0.016406542252721916,0.0,0.02277358624577516,0.014396648406080776,0.00015843903905386297
223,0.0,0.0,0.0,0.0,8.673617379884035e-19,0.0,0.0,2.9325605954517178,2.384678897419399,1.528617668909155,0.012753036300478306,0.0,0.02190693605676923,0.014042699654145918,0.00011715621380579426
224,0.0,7.105427357601002e-15,0.0,0.0,0.0,0.0,0.0,2.9592943965437963,2.41114028306495,1.4214485378321615,0.016676158865235446,0.0,0.02107071453490704,0.012421897048914079,0.0001457312896541525
225,0.0,7.105427357601002e-15,0.0,0.0,0.0,0.0,0.0,2.9860414886521807,2.4376148557364865,1.439526040153437,0.012816573567321814,0.0,0.020264014849185077,0.011966852345361333,0.00010654482043079526
226,0.0,0.0,0.0,0.0,0.0,0.0,0.0,3.012801876850222,2.464102620471659,1.529353569604961,0.017119346430683604,0.0,0.019485945963432418,0.01209401782568645,0.00013537855798137466
227,0.0,7.105427357601002e-15,0.0,0.0,0.0,0.0,0.0,3.039575566212958,2.490603582309685,1.5655951368963974,0.017900413787691975,0.0,0.018735633294611694,0.011777232065777804,0.0001346563503441996
228,0.0,0.0,0.0,0.0,0.0,0.0,0.0,3.066362561817251,2.517117746291487,1.5369637839693209,0.016051757690373723,0.0,0.018012219264653795,0.010998344721646399,0.00011486462225618247
229,0.0,0.0,0.0,0.0,0.0,6.938893903907228e-18,0.0,3.0931628687415893,2.543645117459879,1.5644705210096403,0.017477643498887224,8.673617379884035e-19,0.01731486375509854,0.010649517786192225,0.00011897218439245959
230,0.0,0.0,0.0,0.0,0.0,6.938893903907228e-18,8.673617379884035e-19,3.119976492066324,2.5701857008592683,1.6391036423607372,0.017356852241144236,8.673617379884035e-19,0.01664274447312959,0.01061370121064242,0.00011239096716266647
231,0.0,7.105427357601002e-15,0.0,0.0,0.0,0.0,8.673617379884035e-19,3.1468034368735065,2.5967395015358874,1.5711274376969355,0.016354821546212213,0.0,0.015995057236951413,0.009677625837186824,0.00010074029627425715
232,0.0,0.0,0.0,0.0,0.0,0.0,0.0,3.1736437082469875,2.6233065245376506,1.605347647484232,0.016166112671845555,0.0,0.015371016187849511,0.009406382535092865,9.472380648209998e-05
233,0.0,7.105427357601002e-15,0.0,0.0,4.336808689942018e-19,0.0,8.673617379884035e-19,3.2004973112723043,2.6498867749143282,1.6293471439383487,0.01843074222103557,0.0,0.014769853935725144,0.009081602864838783,0.00010272867999822407
234,0.0,0.0,0.0,0.0,0.0,0.0,0.0,3.2273642510367724,2.6764802577172264,1.612594481062715,0.01624518210235114,0.0,0.014190821644374189,0.008550050238360838,8.613270399814828e-05
235,0.0,0.0,0.0,0.0,4.336808689942018e-19,0.0,0.0,3.254244532629507,2.7030869779996065,1.6776285537759525,0.018618466839881467,0.0,0.01363318906230473,0.008461225049766666,9.390340767584207e-05
236,0.0,0.0,0.0,0.0,4.336808689942018e-19,0.0,0.0,3.2811381611413224,2.7297069408163717,1.7334647514639654,0.017015924141380007,0.0,0.013096244504431965,0.008316599077187745,8.163685987395126e-05
237,0.0,7.105427357601002e-15,0.0,0.0,0.0,0.0,0.0,3.3080451416648087,2.7563401512241494,1.6476798436407034,0.015568823656998226,0.0,0.012579294789587718,0.0075196272357071995,7.10524868353095e-05
238,0.0,0.0,0.0,0.0,0.0,0.0,0.0,3.334965479294332,2.7829866142813695,1.6684184550485397,0.014847550835004605,0.0,0.012081665138387338,0.007243036305371108,6.445706076815937e-05
239,0.0,7.105427357601002e-15,0.0,6.938893903907228e-18,0.0,0.0,0.0,3.3618991791259885,2.8096463350481127,1.7088126072097962,0.01844288151875442,0.0,0.011602699035639112,0.007056702526021477,7.616161541142664e-05
240,0.0,0.0,0.0,0.0,0.0,0.0,0.0,3.3888462462576117,2.836319318586348,1.7051755068387688,0.016780667553655263,0.0,0.011141758061163238,0.0066983476876251455,6.591857861787769e-05
241,0.0,0.0,0.0,6.938893903907228e-18,0.0,0.0,0.0,3.4158066857888523,2.8630055699596504,1.7554316028337265,0.01592218871734504,4.336808689942018e-19,0.010698221692558326,0.0065595389161268326,5.9496602631935355e-05
242,0.0,0.0,0.0,0.0,0.0,0.0,0.0,3.4427805028210545,2.8897050942333853,1.8270677537420954,0.016750376344041258,0.0,0.010271487083187356,0.006494331504664676,5.953938850012249e-05
243,0.0,7.105427357601002e-15,0.0,0.0,0.0,0.0,4.336808689942018e-19,3.4697677024573297,2.9164178964747536,1.736943760646128,0.019617143359655618,0.0,0.009860968818383104,0.005872940323031166,6.632932790912502e-05
244,0.0,0.0,0.0,0.0,0.0,3.469446951953614e-18,0.0,3.4967682898026253,2.9431439817524883,1.823721666979537,0.014452770789821327,0.0,0.009466098652623284,0.005865676066678595,4.6484764234585355e-05
245,0.0,7.105427357601002e-15,0.0,0.0,0.0,0.0,4.336808689942018e-19,3.5237822699635717,2.9698833551373136,1.7934886748207755,0.017823968575114243,0.0,0.009086325230207852,0.005487158735688051,5.4532234434845125e-05
246,0.0,0.0,0.0,0.0,0.0,0.0,0.0,3.5508096480485674,2.9966360217016024,1.8418383222077856,0.01610598136507437,0.0,0.008721113791749625,0.0053603045140124175,4.687325894616003e-05
247,0.0,7.105427357601002e-15,0.0,0.0,2.168404344971009e-19,0.0,0.0,3.577850429167787,3.0234019865194033,1.8119510166667656,0.019820589390498192,0.0,0.008369945868602235,0.005016181107798785,5.487105618834541e-05
248,0.0,0.0,0.0,0.0,2.168404344971009e-19,0.0,0.0,3.6049046184331615,3.0501812546665827,1.7972341521755109,0.016273228363304953,0.0,0.00803231896716842,0.004732819712558428,4.285376832595006e-05
249,0.0,7.105427357601002e-15,0.0,0.0,2.168404344971009e-19,0.0,0.0,3.631972220958389,3.076973831220779,1.827853004944802,0.013144342517439681,0.0,0.007707746244854077,0.00457872829208276,3.292626529738061e-05
250,0.0,0.0,0.0,0.0,2.168404344971009e-19,0.0,0.0,3.6590532418589494,3.103779721261352,1.8195014338816489,0.017813713896485613,0.0,0.007395756179291473,0.004335548969754608,4.2446918421299515e-05
251,0.0,7.105427357601002e-15,0.0,3.469446951953614e-18,2.168404344971009e-19,0.0,0.0,3.6861476862520313,3.1305989298694072,1.8228360082852462,0.01567256599240924,0.0,0.007095892232302335,0.004131684754805602,3.5523822047183564e-05
252,0.0,0.0,0.0,0.0,0.0,0.0,0.0,3.7132555592566527,3.1574314621278003,1.8724121611935391,0.014398844788855036,0.0,0.0068077125099444006,0.004037092759232584,3.1045233118624405e-05
253,0.0,7.105427357601002e-15,0.0,3.469446951953614e-18,0.0,0.0,0.0,3.740376865993528,3.1842773231211705,1.8826034893044228,0.014217783524468411,0.0,0.0065307894198558016,0.0038611231692852856,2.9159944562990374e-05
254,0.0,0.0,0.0,0.0,0.0,0.0,0.0,3.7675116115851677,3.2111365179358375,1.8776776474730241,0.017618593956907947,0.0,0.00626470932700486,0.003663221605661998,3.437268059892575e-05
255,0.0,7.105427357601002e-15,0.0,0.0,0.0,0.0,0.0,3.7946598011558663,3.2380090516599433,1.9381005561323388,0.01918312398637682,0.0,0.006009072208843103,0.0035967120548436367,3.559989344879481e-05
256,0.0,0.0,0.0,0.0,0.0,1.734723475976807e-18,0.0,3.8218214398316643,3.264894929383384,1.9572555880538844,0.015502663302908526,2.168404344971009e-19,0.0057634913107640065,0.0034551266790148515,2.736671996268156e-05
257,0.0,7.105427357601002e-15,0.0,0.0,0.0,1.734723475976807e-18,0.0,3.8489965327403657,3.291794156197716,1.8754005760011858,0.020048288542347463,2.168404344971009e-19,0.005527592802680807,0.0031491795155326164,3.3665159543497625e-05
258,0.0,0.0,0.0,0.0,0.0,0.0,0.0,3.8761850850115556,3.3187067371964027,1.9808711198712692,0.016335402853098865,0.0,0.005301015437452872,0.0031640723985491372,2.6092761294853523e-05
259,0.0,7.105427357601002e-15,0.0,0.0,0.0,1.734723475976807e-18,0.0,3.9033871017765396,3.345632677474501,1.9725665859971895,0.019108487608156352,0.0,0.005083410211813681,0.002997150641865958,2.903375546682587e-05
260,0.0,0.0,0.0,0.0,0.0,0.0,0.0,3.930602588168485,3.37257198212897,2.0109008780910838,0.015741028615355705,0.0,0.0048744400303867685,0.002906391854420715,2.2750796842507577e-05
261,0.0,0.0,0.0,0.0,1.0842021724855044e-19,0.0,0.0,3.957831549322227,3.3995246562584165,2.037201325334214,0.01527750150155691,0.0,0.004673779373305152,0.0028008120241423875,2.1004016329803026e-05
262,0.0,0.0,0.0,0.0,1.0842021724855044e-19,0.0,0.0,3.985073990374449,3.426490704963256,1.9060430060657825,0.014264869988180294,0.0,0.004481113967894353,0.0024926949095518563,1.8655386416673538e-05
263,0.0,7.105427357601002e-15,0.0,0.0,0.0,0.0,0.0,4.012329916463531,3.4534701333456623,2.022908685140043,0.016365598681543594,0.0,0.0042961404648244475,0.0025165122393734354,2.0358916687298342e-05
264,0.0,0.0,0.0,0.0,0.0,0.0,0.0,4.039599332729681,3.480462946509558,2.0251247114185102,0.01596667899148049,0.0,0.004118566119083668,0.002396408222570535,1.889398742042234e-05
265,0.0,7.105427357601002e-15,0.0,0.0,0.0,0.0,0.0,4.0668822443148445,3.5074691495605643,2.0802370558178187,0.016828341968489518,0.0,0.003948108476081352,0.0023415748513031945,1.894246726945833e-05
266,0.0,0.0,0.0,0.0,0.0,0.0,0.0,4.094178656362745,3.53448874760616,2.0799707006362924,0.01836670322039592,0.0,0.0037844950631452145,0.002227094046734725,1.9665842113917768e-05
267,0.0,0.0,0.0,0.0,0.0,0.0,0.0,4.121488574018937,3.5615217457555484,2.0408025855587555,0.017063384810772672,0.0,0.0036274630866389703,0.0020785879112079036,1.737931225829447e-05
268,0.0,0.0,0.0,0.0,0.0,0.0,0.0,4.148812002430642,3.588568149119674,2.086486328373057,0.013808356814594495,0.0,0.0034767591348902932,0.0020214776759288184,1.337812985514763e-05
269,0.0,7.105427357601002e-15,0.0,0.0,0.0,8.673617379884035e-19,0.0,4.176148946746885,3.615627962811249,2.1597843678788013,0.01737195134816353,0.0,0.003332138887087704,0.0019904430306312585,1.6009875802265578e-05
270,0.0,0.0,0.0,0.0,0.0,0.0,0.0,4.203499412118524,3.642701191944722,2.1321896523255295,0.01967364201388924,0.0,0.003193366828271796,0.0018691798609168273,1.724685953856935e-05
271,0.0,7.105427357601002e-15,0.0,0.0,0.0,0.0,0.0,4.2308634036981685,3.669787841636398,2.12590063215382,0.014177347023608698,1.0842021724855044e-19,0.0030602159705250477,0.0017727768871143254,1.1822411990437228e-05
272,0.0,0.0,0.0,0.0,0.0,0.0,0.0,4.258240926640134,3.69688791700424,2.1527265911537197,0.015424327414373816,1.0842021724855044e-19,0.0029324675804314896,0.001707598682950234,1.2234977393977576e-05
273,0.0,0.0,0.0,0.0,0.0,8.673617379884035e-19,0.0,4.285631986100592,3.7240014231679734,2.174041050345317,0.01807952899285473,0.0,0.0028099109128637903,0.0016404026148795405,1.364174178355904e-05
274,0.0,0.0,0.0,0.0,0.0,0.0,0.0,4.313036587237469,3.75112836524922,2.1469260197364024,0.013659735474821348,0.0,0.002692342951127868,0.001540939304924585,9.804167956662577e-06
275,0.0,0.0,0.0,0.0,5.421010862427522e-20,0.0,0.0,4.340454735210431,3.7782687483711834,2.1721412120464505,0.016286417303900118,0.0,0.0025795681534770114,0.001483003637013844,1.1119358152988727e-05
276,0.0,0.0,0.0,0.0,0.0,0.0,0.0,4.367886435180968,3.8054225776589297,2.199056385993132,0.017659422448694142,0.0,0.002471398206000827,0.0014281578185677724,1.1468756509444441e-05
277,0.0,7.105427357601002e-15,0.0,0.0,0.0,0.0,0.0,4.395331692312338,3.8325898582393396,2.2485878761028903,0.01651062197244234,0.0,0.0023676517818602043,0.0013891058757771327,1.0199735682291479e-05
278,0.0,7.105427357601002e-15,0.0,0.0,5.421010862427522e-20,0.0,0.0,4.422790511769528,3.8597705952409633,2.228228077491722,0.016293582491576312,0.0,0.002268154306846151,0.0013093952052047097,9.574755387738902e-06
279,0.0,0.0,0.0,8.673617379884035e-19,0.0,0.0,0.0,4.450262898719386,3.8869647937941125,2.2701585870505774,0.01840186957517211,0.0,0.002172737731213993,0.0012689745031392037,1.0286287237460226e-05
280,0.0,0.0,0.0,8.673617379884035e-19,0.0,0.0,0.0,4.4777488583305045,3.914172459031031,2.2599514859009195,0.014976615735845331,0.0,0.0020812403077385016,0.0012016593993293132,7.963352833632916e-06
281,0.0,0.0,0.0,8.673617379884035e-19,0.0,0.0,0.0,4.505248395773202,3.941393596085471,2.2750087039634663,0.017008559292084217,0.0,0.0019935063759284654,0.0011506702505296815,8.602711342455852e-06
282,0.0,0.0,0.0,0.0,0.0,0.0,0.0,4.53276151621961,3.968628210093161,2.29662258443574,0.015940832802503725,5.421010862427522e-20,0.0019093861523236401,0.0011049509119253741,7.66945246526245e-06
283,0.0,7.105427357601002e-15,0.0,0.0,0.0,4.336808689942018e-19,0.0,4.560288224843747,3.9958763061914677,2.2660103875333775,0.017762150052155107,0.0,0.0018287355267977133,0.0010370525467352746,8.128949032370172e-06
284,0.0,7.105427357601002e-15,0.0,0.0,0.0,0.0,0.0,4.587828526821274,4.023137889519727,2.2873697197187437,0.017285824083624144,0.0,0.0017514158647764593,0.000995773877440516,7.525137682868861e-06
285,0.0,0.0,0.0,0.0,0.0,0.0,0.0,4.6153824273296555,4.050412965218784,2.3208019180399875,0.015441929775048225,0.0,0.0016772938152801499,0.0009610542769454518,6.394571005497495e-06
286,0.0,0.0,0.0,0.0,0.0,0.0,0.0,4.642949931548152,4.077701538431374,2.306633931353278,0.019126761929457035,0.0,0.0016062411246900489,0.0009086026147882843,7.53419329583172e-06
287,0.0,0.0,0.0,0.0,0.0,4.336808689942018e-19,0.0,4.670531044657841,4.105003614302017,2.3341836189418115,0.019387710856890523,0.0,0.0015381344561392373,0.0008746126894362208,7.264526148222851e-06
288,0.0,0.0,0.0,0.0,0.0,0.0,0.0,4.698125771841586,4.132319197977014,2.3296769956623957,0.019592848975823612,0.0,0.0014728552144194556,0.0008303513708848814,6.983349638987994e-06
289,0.0,0.0,0.0,0.0,0.0,0.0,0.0,4.725734118283952,4.159648294604411,2.377143591568277,0.01626725752581817,0.0,0.001410289376295099,0.0008059480311028761,5.515259667476678e-06
290,0.0,7.105427357601002e-15,0.0,0.0,0.0,0.0,0.0,4.753356089171372,4.186990909334028,2.3429010904883847,0.016882173734934166,0.0,0.0013503273261129818,0.0007555983362212995,5.444592790409197e-06
291,0.0,0.0,0.0,0.0,2.710505431213761e-20,0.0,0.0,4.780991689692039,4.214347047317396,2.475898344514319,0.01802366407511437,0.0,0.001292863696595288,0.0007595480510133501,5.5292411139174145e-06
292,0.0,7.105427357601002e-15,0.0,0.0,2.710505431213761e-20,0.0,0.0,4.8086409250360145,4.241716713707984,2.343585532594796,0.020125933940306748,0.0,0.001237797214697817,0.0006838937723675281,5.873052505839839e-06
293,0.0,0.0,0.0,4.336808689942018e-19,0.0,0.0,0.0,4.836303800394943,4.269099913660887,2.4108572700842705,0.02104792253636997,0.0,0.0011850305524195707,0.00066921355329029,5.842550367758642e-06
294,0.0,0.0,0.0,4.336808689942018e-19,0.0,0.0,0.0,4.863980320962415,4.296496652333076,2.3867243957022364,0.019036633360077198,0.0,0.0011344701824466128,0.0006302036006874756,5.026535493621229e-06
295,0.0,0.0,0.0,0.0,0.0,0.0,0.0,4.8916704919337946,4.323906934883194,2.499978085809789,0.01786723963343635,0.0,0.001086026238511232,0.0006279140226143652,4.4876754620085165e-06
296,0.0,7.105427357601002e-15,0.0,0.0,0.0,0.0,0.0,4.919374318506191,4.351330766471673,2.545049283205485,0.018288013641992805,0.0,0.001039612380351525,0.0006080587492480071,4.369340418970389e-06
297,0.0,0.0,0.0,0.0,0.0,0.0,0.0,4.947091805878489,4.3787681522608555,2.429012069760332,0.018870478541434716,2.710505431213761e-20,0.000995145663150089,0.000552032156740884,4.288620504463856e-06
298,0.0,7.105427357601002e-15,0.0,0.0,0.0,0.0,2.710505431213761e-20,4.974822959251443,4.40621909741467,2.5231106678359727,0.015421762963121718,2.710505431213761e-20,0.0009525464113409111,0.0005454517714457518,3.3339116013757663e-06
299,0.0,0.0,0.0,0.0,0.0,2.168404344971009e-19,0.0,5.002567783827558,4.433683607099007,2.528633432610369,0.018659427225405454,0.0,0.0009117380966641613,0.0005199855554234979,3.83710525399136e-06
300,0.0,0.0,0.0,0.0,0.0,0.0,2.710505431213761e-20,5.030326284811104,4.461161686481408,2.482560306243247,0.015171937505138943,2.710505431213761e-20,0.0008726472203542356,0.0004856132780772903,2.9677805965574172e-06
301,0.0,0.0,0.0,0.0,0.0,0.0,0.0,5.058098467408158,4.488653340731232,2.549224060602085,0.01504599328981246,0.0,0.0008352031993504328,0.00047433382122784887,2.7996062023837556e-06
302,0.0,7.105427357601002e-15,0.0,0.0,0.0,0.0,0.0,5.085884336826583,4.516158575019648,2.5513136089007644,0.01638902815202966,0.0,0.0007993382564137196,0.0004515701868804138,2.900778830004155e-06
303,0.0,0.0,0.0,0.0,1.3552527156068805e-20,0.0,0.0,5.113683898276044,4.543677394519542,2.579792548166136,0.014282353573320103,0.0,0.0007649873140406572,0.00043434170185235936,2.4046203877530968e-06
304,0.0,7.105427357601002e-15,0.0,0.0,0.0,0.0,0.0,5.141497156967995,4.571209804405631,2.6321710780800425,0.01903289809005504,0.0,0.0007320878920655983,0.00042154717428431553,3.0481546108905617e-06
305,0.0,0.0,0.0,0.0,0.0,0.0,0.0,5.169324118115699,4.598755809854353,2.6123319702525403,0.018437929216860147,0.0,0.0007005800088406294,0.00039796580433612853,2.808856383735315e-06
306,0.0,7.105427357601002e-15,0.0,0.0,0.0,0.0,0.0,5.197164786934191,4.62631541604407,2.644786976752102,0.018488886208019424,0.0,0.0006704060858890991,0.00038325992191236936,2.6792513524220456e-06
307,0.0,0.0,0.0,2.168404344971009e-19,0.0,0.0,0.0,5.225019168640303,4.653888628154692,2.6353098930408354,0.0186240278446813,0.0,0.0006415108559296922,0.0003632617881951548,2.5672114221261083e-06
308,0.0,7.105427357601002e-15,0.0,0.0,0.0,0.0,0.0,5.252887268452686,4.681475451368202,2.623636306063478,0.013389755911861277,0.0,0.0006138412741643386,0.0003440146743879622,1.7556825652651045e-06
309,0.0,0.0,0.0,2.168404344971009e-19,0.0,0.0,0.0,5.280769091591764,4.709075890868118,2.6262946930332927,0.016424735457508673,0.0,0.0005873464327345767,0.00032756847734260417,2.048599343723385e-06
310,0.0,7.105427357601002e-15,0.0,0.0,0.0,0.0,0.0,5.308664643279786,4.7366899518399,2.647305030185879,0.015640542370015487,1.3552527156068805e-20,0.0005619774782451288,0.0003140855365530457,1.855648701699329e-06
311,0.0,0.0,0.0,0.0,0.0,1.0842021724855044e-19,0.0,5.3365739287406635,4.7643176394706614,2.6470732782948816,0.0158032044163162,1.3552527156068805e-20,0.0005376875322591522,0.0002987412692479067,1.7835053469147872e-06
312,0.0,7.105427357601002e-15,0.0,0.0,0.0,1.0842021724855044e-19,1.3552527156068805e-20,5.36449695320035,4.791958958949371,2.684303832855066,0.017746825808385703,0.0,0.0005144316146709733,0.00028816831839179567,1.905176637384242e-06
313,0.0,0.0,0.0,0.0,0.0,1.0842021724855044e-19,1.3552527156068805e-20,5.392433721886439,4.819613915466838,2.691613503047697,0.014347156098518353,0.0,0.0004921665698644776,0.00027486064411607914,1.465094658652258e-06
314,0.0,7.105427357601002e-15,0.0,0.0,0.0,1.0842021724855044e-19,0.0,5.420384240028311,4.847282514215642,2.7381743661688174,0.018190363692646566,0.0,0.0004708509955677532,0.00026597833375040166,1.7669592868389178e-06
315,0.0,0.0,0.0,0.0,0.0,0.0,0.0,5.448348512857218,4.87496476039,2.6590312529269524,0.01987486011334062,0.0,0.00045044517431500015,0.00024569363166805316,1.8364306755566083e-06
316,0.0,7.105427357601002e-15,0.0,0.0,0.0,0.0,1.3552527156068805e-20,5.4763265456061525,4.902660659186162,2.7797773597543345,0.017566292627832884,0.0,0.00043091100743174735,0.0002443237959542493,1.5439593680466988e-06
317,0.0,0.0,0.0,0.0,0.0,0.0,0.0,5.504318343509946,4.93037021580189,2.760384506334162,0.01595312329435502,0.0,0.0004122119514581291,0.00023078662135431226,1.3337878895865882e-06
318,0.0,7.105427357601002e-15,0.0,0.0,0.0,0.0,0.0,5.532323911805174,4.958093435436993,2.7876989611683225,0.01870624039479611,0.0,0.0003943129569316109,0.00022170332905721094,1.4876913997681738e-06
319,0.0,0.0,0.0,0.0,0.0,0.0,0.0,5.560343255730339,4.985830323292845,2.7759386015597944,0.01511950055539944,0.0,0.00037718040944634875,0.00021000106109564585,1.1437973296984573e-06
320,0.0,0.0,0.0,0.0,6.776263578034403e-21,0.0,0.0,5.588376380525617,5.013580884572837,2.7473595802683946,0.019832942594245315,0.0,0.0003607820729172522,0.00019770262158706417,1.4271975073176742e-06
321,0.0,0.0,0.0,0.0,0.0,0.0,0.0,5.616423291433033,5.041345124481952,2.819659719892291,0.016876435522122618,0.0,0.000345087034968224,0.00019300960127330145,1.1552153148344266e-06
322,0.0,7.105427357601002e-15,0.0,0.0,0.0,0.0,0.0,5.644483993696409,5.069123048227128,2.8628094785064797,0.014639166275383525,0.0,0.00033006565437634135,0.00018640602622746997,9.531995870364345e-07
323,0.0,0.0,0.0,0.0,0.0,0.0,0.0,5.672558492561389,5.096914661016938,2.8552789145083435,0.014458416452352584,0.0,0.00031568951049848844,0.00017684847850240581,8.955163497905562e-07
324,0.0,7.105427357601002e-15,0.0,1.0842021724855044e-19,0.0,0.0,0.0,5.700646793275417,5.124719968061827,2.886593440924087,0.017969382365971554,6.776263578034403e-21,0.00030193135461297355,0.0001700684277906818,1.058695888387824e-06
325,0.0,0.0,0.0,0.0,0.0,0.0,0.0,5.728748901087751,5.152538974574067,2.840191333464057,0.016251061312045435,0.0,0.0002887650631101632,0.0001591735712625845,9.107623966609302e-07
326,0.0,0.0,0.0,0.0,0.0,0.0,6.776263578034403e-21,5.756864821249419,5.180371685767681,2.872403591928947,0.017123865216207592,6.776263578034403e-21,0.00027616559246404016,0.00015312782322937307,9.12873181610974e-07
327,0.0,0.0,0.0,0.0,0.0,5.421010862427522e-20,0.0,5.784994559013315,5.208218106858462,2.887933966244237,0.01731049765745759,6.776263578034403e-21,0.0002641089359264915,0.00014644723995844606,8.778159867467112e-07
328,0.0,7.105427357601002e-15,0.0,0.0,0.0,0.0,0.0,5.81313811963403,5.236078243064067,2.897813474153661,0.0140407183374051,0.0,0.0002525720818796425,0.00013978148302783936,6.7728045627828e-07
329,0.0,0.0,0.0,0.0,0.0,0.0,6.776263578034403e-21,5.841295508368106,5.263952099603853,2.909412854512658,0.012291157884548112,0.0,0.0002415329737893102,0.000133496491881925,5.639716811617663e-07
330,0.0,7.105427357601002e-15,0.0,0.0,0.0,0.0,0.0,5.869466730473795,5.291839681699127,2.876920390489017,0.01559849941908578,0.0,0.00023097047170181047,0.00012556760967980508,6.808204679983484e-07
331,0.0,0.0,0.0,0.0,0.0,0.0,0.0,5.897651791211148,5.319740994572842,2.940681959936418,0.01260365986006194,0.0,0.00022086431522642328,0.0001220908514235572,5.232771120218454e-07
332,0.0,0.0,0.0,0.0,0.0,0.0,0.0,5.925850695842085,5.347656043449717,2.9645433517542092,0.0188203537406757,0.0,0.00021119508795593354,0.00011707877036898382,7.432726097808857e-07
333,0.0,0.0,0.0,0.0,3.3881317890172014e-21,0.0,0.0,5.954063449630347,5.375584833556398,3.005173893422971,0.014460664090730786,0.0,0.00020194418326492138,0.00011289513723009369,5.43242659113421e-07
334,0.0,7.105427357601002e-15,0.0,5.421010862427522e-20,3.3881317890172014e-21,0.0,0.0,5.982290057841397,5.403527370121398,2.966917236347905,0.014128425979210999,0.0,0.00019309377144185747,0.00010602208510880344,5.048759578694549e-07
335,0.0,0.0,0.0,0.0,0.0,0.0,0.0,6.010530525742621,5.431483658374744,3.007475785988531,0.0202040417606613,0.0,0.0001846267681045995,0.00010222999265844802,6.867749527654405e-07
336,0.0,7.105427357601002e-15,0.0,5.421010862427522e-20,0.0,0.0,0.0,6.03878485860311,5.4594537035485455,2.9994836744374624,0.01725212349202052,0.0,0.00017652680385063347,9.698575993156933e-05,5.57832776876232e-07
337,0.0,7.105427357601002e-15,0.0,0.0,0.0,0.0,0.0,6.06705306169385,5.487437510876552,3.022720625173278,0.01725232699846044,0.0,0.00016877819509729708,9.297041294578886e-05,5.306332156425424e-07
338,0.0,0.0,0.0,0.0,0.0,0.0,0.0,6.095335140287619,5.515435085594395,3.0297853786352347,0.018899533238620148,3.3881317890172014e-21,0.00016136591607040588,8.864288773839244e-05,5.529464941621397e-07
339,0.0,0.0,0.0,0.0,0.0,2.710505431213761e-20,0.0,6.123631099658939,5.543446432939447,3.032326653797252,0.013346247424333664,0.0,0.00015427557189433874,8.439044813444757e-05,3.7142957525439484e-07
340,0.0,0.0,0.0,0.0,0.0,2.710505431213761e-20,3.3881317890172014e-21,6.151940945084248,5.571471558150925,3.061670322529376,0.02045222658497427,0.0,0.00014749337274495475,8.105149194246075e-05,5.414310829169292e-07
341,0.0,0.0,0.0,0.0,0.0,0.0,3.3881317890172014e-21,6.180264681841747,5.59951046646981,3.088279693085479,0.014834583165168521,3.3881317890172014e-21,0.00014100610902668503,7.776863811854777e-05,3.735624504456745e-07
342,0.0,7.105427357601002e-15,0.0,0.0,0.0,0.0,3.3881317890172014e-21,6.208602315211447,5.627563163138954,3.102436909215565,0.020571704335420767,0.0,0.0001348011275322346,7.431493549453455e-05,4.927690475059477e-07
343,0.0,7.105427357601002e-15,0.0,0.0,0.0,0.0,0.0,6.236953850475201,5.655629653402913,3.1344439640264103,0.017437123142449332,0.0,0.00012886630855165728,7.141985026612518e-05,3.9731344321242787e-07
344,0.0,0.0,0.0,0.0,0.0,0.0,0.0,6.26531929291663,5.683709942508099,3.096937720655168,0.017099152308303507,0.0,0.00012319004389047604,6.71237444543822e-05,3.706109820278833e-07
345,0.0,0.0,0.0,0.0,1.6940658945086007e-21,0.0,0.0,6.293698647821255,5.711804035702775,3.1874413153147843,0.017177173300950734,0.0,0.00011776121576647928,6.571600883530192e-05,3.541446447929238e-07
346,0.0,0.0,0.0,0.0,0.0,0.0,0.0,6.322091920476368,5.739911938236963,3.172813638109426,0.015648313591437042,0.0,0.00011256917654998616,6.222412859834217e-05,3.0688933808332655e-07
347,0.0,0.0,0.0,0.0,1.6940658945086007e-21,0.0,0.0,6.350499116171057,5.768033655362484,3.156505603851838,0.01641576049115795,0.0,0.00010760372931424157,5.8885192921891376e-05,3.0623903290446777e-07
348,0.0,7.105427357601002e-15,0.0,0.0,0.0,0.0,0.0,6.378920240196245,5.796169192332952,3.175146490958688,0.013368979360844519,0.0,0.00010285510916912107,5.634411766091518e-05,2.3723735212211994e-07
349,0.0,7.105427357601002e-15,0.0,2.710505431213761e-20,0.0,0.0,0.0,6.407355297844688,5.824318554403829,3.250376575968771,0.01725108572870108,0.0,9.831396534079907e-05,5.486605978876433e-05,2.911967517888406e-07
350,0.0,0.0,0.0,0.0,0.0,0.0,0.0,6.435804294410961,5.852481746832371,3.1320211231199186,0.0172659453088926,0.0,9.397134397728798e-05,5.028981670290516e-05,2.772335149264464e-07
351,0.0,7.105427357601002e-15,0.0,2.710505431213761e-20,0.0,0.0,0.0,6.464267235191468,5.880658774877672,3.1886637177071866,0.0194762186144247,0.0,8.98186716456444e-05,4.870228836823605e-05,2.974714486238542e-07
352,0.0,0.0,0.0,2.710505431213761e-20,0.0,0.0,0.0,6.492744125484391,5.90884964380062,3.2475353330713244,0.01972624382759499,0.0,8.584773949550977e-05,4.718237628014855e-05,2.865961301141161e-07
353,0.0,0.0,0.0,0.0,0.0,1.3552527156068805e-20,0.0,6.521234970589747,5.9370543588637785,3.2945284073984005,0.018831141678042552,1.6940658945086007e-21,8.205068806595484e-05,4.553071377502093e-05,2.602482710049766e-07
354,0.0,0.0,0.0,0.0,0.0,1.3552527156068805e-20,0.0,6.5497397758094085,5.96527292533171,3.2537256981565386,0.016682303880224035,0.0,7.84199927061167e-05,4.277375883907892e-05,2.1930700656561566e-07
355,0.0,7.105427357601002e-15,0.0,0.0,0.0,0.0,1.6940658945086007e-21,6.578258546447057,5.9935053484707215,3.2751812054238876,0.01747652395244007,1.6940658945086007e-21,7.494844958907108e-05,4.095595802425692e-05,2.1854295579851704e-07
356,0.0,0.0,0.0,0.0,0.0,1.3552527156068805e-20,0.0,6.606791287808149,6.021751633548939,3.285430337585159,0.01579232330147414,0.0,7.162916229489398e-05,3.9080426623418144e-05,1.8785080448535944e-07
357,0.0,7.105427357601002e-15,0.0,0.0,0.0,0.0,1.6940658945086007e-21,6.6353380052000634,6.0500117858361655,3.28420995339966,0.018376910379287098,0.0,6.845552893900449e-05,3.71606432293427e-05,2.0793366439807707e-07
358,0.0,0.0,0.0,0.0,8.470329472543003e-22,0.0,0.0,6.663898703931921,6.07828581060428,3.2726286789393755,0.016269353202786625,0.0,6.542122982872507e-05,3.522364686694747e-05,1.7510876062817553e-07
359,0.0,0.0,0.0,0.0,8.470329472543003e-22,0.0,0.0,6.692473389314735,6.106573713126771,3.2884542158589136,0.016785510021952457,0.0,6.252021561980243e-05,3.366779413298593e-05,1.7185311357182793e-07
360,0.0,0.0,0.0,0.0,8.470329472543003e-22,0.0,0.0,6.721062066661259,6.134875498679067,3.322963608981193,0.014776918970369021,0.0,5.9746695962412795e-05,3.2361878653058546e-05,1.4391035077453216e-07
361,0.0,7.105427357601002e-15,0.0,0.0,8.470329472543003e-22,0.0,0.0,6.749664741286153,6.1631911725382365,3.368358741588757,0.01667351740628097,0.0,5.709512860930165e-05,3.1204106796214106e-05,1.544616407369256e-07
362,0.0,0.0,0.0,0.0,0.0,0.0,0.0,6.778281418505823,6.191520739983334,3.3536592518078043,0.01394832153315692,0.0,5.45602089732466e-05,2.955273143508743e-05,1.2291379931214355e-07
363,0.0,7.105427357601002e-15,0.0,0.0,0.0,0.0,0.0,6.806912103638624,6.219864206295167,3.391127700204485,0.016255164140521357,0.0,5.213686011076904e-05,2.8425500084862883e-05,1.3625590378906116e-07
364,0.0,0.0,0.0,1.3552527156068805e-20,0.0,0.0,0.0,6.8355568020045885,6.248221576756366,3.375127389288165,0.017965108666077118,0.0,4.982022312292551e-05,2.691159356902086e-05,1.4324487554982804e-07
365,0.0,0.0,0.0,1.3552527156068805e-20,0.0,0.0,0.0,6.864215518925736,6.276592856651313,3.3739191859472832,0.017392753526547212,0.0,4.760564794639431e-05,2.5589935914901828e-05,1.3191763750085824e-07
366,0.0,0.0,0.0,0.0,0.0,0.0,0.0,6.89288825972574,6.304978051266394,3.399684651239078,0.013687275221483998,0.0,4.548868452899638e-05,2.4527790793324874e-05,9.874993053798095e-08
367,0.0,7.105427357601002e-15,0.0,0.0,0.0,0.0,0.0,6.921575029730253,6.33337716588955,3.4369807021856538,0.018154471800429974,0.0,4.34650743679631e-05,2.3587513882151058e-05,1.2459157985449757e-07
368,0.0,0.0,0.0,0.0,0.0,0.0,8.470329472543003e-22,6.950275834266731,6.361790205810723,3.4777744162594804,0.012804913772043748,8.470329472543003e-22,4.1530742398626065e-05,2.270344489988058e-05,8.359244145071967e-08
369,0.0,7.105427357601002e-15,0.0,0.0,0.0,6.776263578034403e-21,0.0,6.978990678664399,6.390217176321616,3.470377694829525,0.01748944955642684,0.0,3.9681789219528836e-05,2.155025289413974e-05,1.0860548737360755e-07
370,0.0,0.0,0.0,0.0,0.0,6.776263578034403e-21,0.0,7.007719568254363,6.418658082715814,3.4914115547073084,0.01651283296172107,0.0,3.791448363975521e-05,2.062347994936412e-05,9.753994169785308e-08
371,0.0,7.105427357601002e-15,0.0,0.0,0.0,0.0,0.0,7.036462508369567,6.447112930288625,3.511337141410469,0.018645231699905774,0.0,3.622525553663665e-05,1.9729619536444373e-05,1.0476445661374044e-07
372,0.0,0.0,0.0,0.0,0.0,0.0,0.0,7.065219504344726,6.475581724337245,3.487837902073168,0.017080883276878716,0.0,3.461068900977153e-05,1.8641795916455427e-05,9.129390443562124e-08
373,0.0,7.105427357601002e-15,0.0,0.0,4.235164736271502e-22,0.0,0.0,7.093990561516428,6.504064470160657,3.5199729239560527,0.020294285014234404,0.0,3.3067515820428546e-05,1.7896003473570982e-05,1.0317880363095654e-07
374,0.0,0.0,0.0,0.0,0.0,0.0,0.0,7.122775685223166,6.532561173059633,3.5173392184451977,0.017103829787460414,0.0,3.1592609104560475e-05,1.7010468034357447e-05,8.271711421493629e-08
375,0.0,7.105427357601002e-15,0.0,0.0,0.0,0.0,0.0,7.151574880805187,6.561071838336935,3.5362798485320415,0.017943042664945237,0.0,3.0182977348460392e-05,1.6267990535159004e-05,8.25435940450164e-08
376,0.0,0.0,0.0,6.776263578034403e-21,0.0,0.0,0.0,7.180388153604539,6.589596471296953,3.496868974660602,0.01638557667434367,0.0,2.883575861551285e-05,1.530213118555048e-05,7.170249890375069e-08
377,0.0,7.105427357601002e-15,0.0,6.776263578034403e-21,0.0,0.0,0.0,7.209215508965175,6.6181350772459355,3.5370146340102897,0.016483329815122877,0.0,2.7548215015357286e-05,1.4722945136666908e-05,6.861242761242396e-08
378,0.0,0.0,0.0,0.0,0.0,0.0,0.0,7.2380569522328875,6.6466876614920425,3.594788603318165,0.012695584544771474,0.0,2.6317727403789013e-05,1.4233656123827291e-05,5.0268487147768183e-08
379,0.0,7.105427357601002e-15,0.0,0.0,0.0,0.0,0.0,7.266912488755263,6.675254229345181,3.5836478288442652,0.016092564665237178,4.235164736271502e-22,2.514179030634131e-05,1.3497511727518713e-05,6.06113074360914e-08
380,0.0,0.0,0.0,0.0,0.0,0.0,0.0,7.295782123881764,6.703834786117173,3.640843664029351,0.019078120803940255,0.0,2.401800705341209e-05,1.3044147356445003e-05,6.835169043589594e-08
381,0.0,7.105427357601002e-15,0.0,0.0,0.0,0.0,0.0,7.324665862963628,6.732429337121553,3.6531328330017896,0.013745935598889791,0.0,2.2944085120204487e-05,1.244985821297187e-05,4.684607897766136e-08
382,0.0,0.0,0.0,0.0,0.0,3.3881317890172014e-21,0.0,7.3535637113540355,6.761037887673708,3.6074140181494116,0.017137029745599622,4.235164736271502e-22,2.1917831663593794e-05,1.1694460895614212e-05,5.555456712679356e-08
383,0.0,7.105427357601002e-15,0.0,0.0,0.0,0.0,0.0,7.382475674407909,6.789660443090969,3.6214915342789267,0.015467749312796115,0.0,2.093714924630824e-05,1.1167525884810748e-05,4.769761000318214e-08
384,0.0,0.0,0.0,0.0,0.0,3.3881317890172014e-21,0.0,7.411401757482091,6.818297008692343,3.7072223551069743,0.01985954346811135,0.0,2.0000031740543277e-05,1.0874352448442679e-05,5.825376911601617e-08
385,0.0,0.0,0.0,0.0,0.0,0.0,4.235164736271502e-22,7.4403419659352314,6.84694758979877,3.7205344233376088,0.013402181722561631,0.0,1.9104560405868722e-05,1.0381147759685571e-05,3.73951730941498e-08
386,0.0,0.0,0.0,0.0,0.0,0.0,0.0,7.4692963051277745,6.875612191732961,3.687099567036052,0.01516976606033837,0.0,1.8248900132920666e-05,9.786112116736663e-06,4.026282142602278e-08
387,0.0,7.105427357601002e-15,0.0,0.0,2.117582368135751e-22,0.0,0.0,7.4982647804220255,6.904290819819433,3.750778947295597,0.018630629937167017,0.0,1.743129584373949e-05,9.469609432909762e-06,4.7036839939996935e-08
388,0.0,0.0,0.0,0.0,0.0,0.0,0.0,7.527247397182222,6.9329834793846254,3.7807343369588513,0.020601607308947473,0.0,1.6650069046589716e-05,9.079711201447922e-06,4.947627311966878e-08
389,0.0,7.105427357601002e-15,0.0,0.0,0.0,0.0,0.0,7.5562441607743365,6.961690175756778,3.7532386435753744,0.016581982331410533,0.0,1.590361453607612e-05,8.574075999093264e-06,3.7880665268023726e-08
390,0.0,0.0,0.0,0.0,0.0,0.0,0.0,7.58525507656627,6.9904109142658575,3.78126450124443,0.017564003239338214,0.0,1.5190397232815753e-05,8.216814507875747e-06,3.816716777873024e-08
391,0.0,0.0,0.0,3.3881317890172014e-21,0.0,0.0,0.0,7.614280149927695,7.019145700243827,3.6756249509025545,0.0182417237232483,0.0,1.4508949157926908e-05,7.5977131424668224e-06,3.7706617492956415e-08
392,0.0,0.0,0.0,3.3881317890172014e-21,0.0,0.0,0.0,7.643319386230174,7.047894539024435,3.71453281941333,0.01321395236972989,0.0,1.385786653490295e-05,7.303670587906733e-06,2.598182866158591e-08
393,0.0,7.105427357601002e-15,0.0,0.0,0.0,0.0,0.0,7.6723727908470805,7.076657435943133,3.793113562904627,0.017119077028861056,0.0,1.3235807016890949e-05,7.094439651278031e-06,3.2018619230961226e-08
394,0.0,0.0,0.0,0.0,0.0,0.0,0.0,7.701440369153639,7.1054343963373325,3.745570046842468,0.014470151528176612,0.0,1.264148702862908e-05,6.663853681679192e-06,2.5744271587013442e-08
395,0.0,7.105427357601002e-15,0.0,0.0,0.0,0.0,0.0,7.730522126526974,7.134225425546242,3.7998997832944292,0.015236514554823813,2.117582368135751e-22,1.207367922472628e-05,6.430799187410021e-06,2.57856709404787e-08
396,0.0,0.0,0.0,0.0,0.0,0.0,0.0,7.759618068346007,7.163030528910967,3.8540113217164667,0.012926998748627103,0.0,1.153121005475624e-05,6.2042754005896854e-06,2.08101776676701e-08
397,0.0,0.0,0.0,0.0,0.0,0.0,0.0,7.7887281999915245,7.191849711774355,3.8173358941915074,0.020404955921819717,2.117582368135751e-22,1.1012957432585274e-05,5.845527839642428e-06,3.124633021838966e-08
398,0.0,0.0,0.0,0.0,0.0,0.0,2.117582368135751e-22,7.817852526846181,7.22068297948115,3.867687727634996,0.018245379237554205,0.0,1.051784850473011e-05,5.6337819702118885e-06,2.6576728998228354e-08
399,0.0,0.0,0.0,0.0,0.0,0.0,0.0,7.846991054294382,7.249530337377931,3.927802849060713,0.01997606658301027,0.0,1.0044857515050942e-05,5.442313933509919e-06,2.76785851216882e-08
400,0.0,0.0,0.0,0.0,1.0587911840678754e-22,0.0,0.0,7.876143787722539,7.278391790813061,3.8768700536268237,0.013289047078094198,0.0,9.593003760369226e-06,5.109759143389328e-06,1.7515116286635068e-08
401,0.0,7.105427357601002e-15,0.0,0.0,1.0587911840678754e-22,0.0,0.0,7.905310732518804,7.307267345136805,3.890577069700903,0.015186747237950915,0.0,9.161349632654611e-06,4.877738164577906e-06,1.904010003329531e-08
402,0.0,7.105427357601002e-15,0.0,0.0,0.0,0.0,0.0,7.934491894073193,7.336157005701213,3.8457553835383527,0.019237235082774466,0.0,8.74899874633e-06,4.586394348249297e-06,2.2942058831907136e-08
403,0.0,0.0,0.0,0.0,1.0587911840678754e-22,0.0,0.0,7.963687277777578,7.3650607778602035,3.972109518659734,0.014618841482867486,0.0,8.35509414619274e-06,4.506052290458269e-06,1.6583949620942395e-08
404,0.0,0.0,0.0,1.6940658945086007e-21,0.0,0.0,0.0,7.9928968890257295,7.393978666969545,3.9555150285669605,0.012660920845670378,0.0,7.978816590082322e-06,4.268382470889592e-06,1.366235552468989e-08
405,0.0,0.0,0.0,1.6940658945086007e-21,0.0,0.0,0.0,8.02212073321325,7.422910678386838,3.9794414406827223,0.01542557749506433,0.0,7.619382907783809e-06,4.084770706401896e-06,1.583386714358082e-08
406,0.0,0.0,0.0,0.0,0.0,0.0,0.0,8.051358815737588,7.451856817471515,4.044408481832223,0.018851186430162717,0.0,7.27604442891504e-06,3.94898835592325e-06,1.8406428539349275e-08
407,0.0,7.105427357601002e-15,0.0,0.0,0.0,0.0,0.0,8.08061114199799,7.480817089584925,3.9983420701001777,0.020498868741468508,0.0,6.948085478500565e-06,3.7136080381027862e-06,1.9039082298138262e-08
408,0.0,7.105427357601002e-15,0.0,0.0,0.0,8.470329472543003e-22,0.0,8.109877717395635,7.50979150009007,3.975882462136994,0.01906288818673692,0.0,6.6348219387180825e-06,3.512650409255226e-06,1.6841861556822686e-08
409,0.0,0.0,0.0,0.0,0.0,8.470329472543003e-22,1.0587911840678754e-22,8.139158547333528,7.538780054351973,4.100898239752087,0.01829730037503605,0.0,6.335599870972201e-06,3.446399838074399e-06,1.5377073354758742e-08
410,0.0,0.0,0.0,0.0,0.0,0.0,0.0,8.168453637216542,7.567782757737444,4.0188431838941705,0.019761359534650018,0.0,6.049794196779713e-06,3.212720944792653e-06,1.5797514551328297e-08
411,0.0,0.0,0.0,0.0,0.0,8.470329472543003e-22,0.0,8.197762992451388,7.596799615615142,4.008928841607279,0.020364685279879415,0.0,5.776807438876875e-06,3.0484955674397586e-06,1.5485845536955855e-08
412,0.0,0.0,0.0,0.0,0.0,0.0,1.0587911840678754e-22,8.227086618446627,7.6258306333555455,4.004675642201682,0.016410177663984747,0.0,5.516068512689099e-06,2.89674217484453e-06,1.1870138304446143e-08
413,0.0,0.0,0.0,0.0,0.0,0.0,0.0,8.256424520612748,7.6548758163309945,4.074233762837489,0.017074309556049536,0.0,5.267031573013515e-06,2.8033267135288054e-06,1.1748188955194359e-08
414,0.0,7.105427357601002e-15,0.0,0.0,0.0,0.0,0.0,8.285776704362013,7.683935169915746,4.140826716245018,0.018797172050433405,0.0,5.029174908011942e-06,2.7101922854289665e-06,1.2302845342238886e-08
415,0.0,0.0,0.0,0.0,0.0,0.0,0.0,8.315143175108567,7.7130086994857505,4.121703668880296,0.018701881703687733,0.0,4.801999883158429e-06,2.5661089346072505e-06,1.1643502199287252e-08
416,0.0,7.105427357601002e-15,0.0,0.0,5.293955920339377e-23,0.0,0.0,8.344523938268415,7.742096410418927,4.143715679724443,0.0171431440557051,0.0,4.585029930730167e-06,2.4539942940039823e-06,1.0152525159588453e-08
417,0.0,0.0,0.0,0.0,5.293955920339377e-23,0.0,0.0,8.373918999259482,7.7711983080950064,4.072529850569535,0.016220482039912547,0.0,4.377809580567721e-06,2.294209913382664e-06,9.137610296074468e-09
418,0.0,0.0,0.0,0.0,0.0,0.0,0.0,8.403328363501458,7.800314397895605,4.190539022269733,0.01901369989160202,0.0,4.179903536840757e-06,2.2455567798392946e-06,1.0188747192927538e-08
419,0.0,0.0,0.0,8.470329472543003e-22,0.0,0.0,0.0,8.432752036415927,7.829444685204071,4.198112800006642,0.014483111058684557,0.0,3.990895791112916e-06,2.1399002582921564e-06,7.3824631606588094e-09
420,0.0,7.105427357601002e-15,0.0,0.0,0.0,0.0,0.0,8.462190023426404,7.858589175405733,4.1580477388037425,0.01892814598884422,0.0,3.8103887757518083e-06,2.0161097722742836e-06,9.177677240256145e-09
421,0.0,0.0,0.0,8.470329472543003e-22,0.0,0.0,0.0,8.49164232995817,7.887747873887729,4.1676883018559305,0.012953875549000566,5.293955920339377e-23,3.6380025543935754e-06,1.9222293779327727e-06,5.974611903619832e-09
422,0.0,7.105427357601002e-15,0.0,0.0,0.0,0.0,0.0,8.521108961438426,7.916920786039011,4.150969643069881,0.018741334036796044,5.293955920339377e-23,3.4733740470318637e-06,1.821146202826592e-06,8.222346163280937e-09
423,0.0,0.0,0.0,0.0,0.0,0.0,0.0,8.550589923296181,7.946107917250464,4.235104648066404,0.017197798771147438,0.0,3.3161562871141445e-06,1.7674399909923516e-06,7.177172661647538e-09
424,0.0,0.0,0.0,0.0,0.0,4.235164736271502e-22,0.0,8.580085220962388,7.975309272914692,4.260398373555142,0.015617650511221192,0.0,3.166017715497938e-06,1.6912819633835836e-06,6.1998546393191404e-09
425,0.0,0.0,0.0,0.0,0.0,4.235164736271502e-22,5.293955920339377e-23,8.609594859869796,8.004524858426262,4.221695718640574,0.015224221275940674,0.0,3.0226414998399974e-06,1.5941824035781503e-06,5.748918747254585e-09
426,0.0,7.105427357601002e-15,0.0,0.0,0.0,0.0,0.0,8.639118845453067,8.033754679181564,4.26959759114083,0.013783985407016473,0.0,2.8857248866445514e-06,1.5336395641698913e-06,4.9512079113032775e-09
427,0.0,0.0,0.0,0.0,0.0,0.0,0.0,8.668657183148722,8.062998740578847,4.218657925826972,0.016999856593300767,0.0,2.7549785819860713e-06,1.4414379319337153e-06,5.808538773050123e-09
428,0.0,7.105427357601002e-15,0.0,0.0,0.0,0.0,0.0,8.698209878395105,8.092257048018261,4.3400719127504175,0.017231492416635377,0.0,2.6301261565065207e-06,1.4105998599461518e-06,5.6005387198469044e-09
429,0.0,0.0,0.0,0.0,2.6469779601696886e-23,0.0,0.0,8.727776936632525,8.121529606901628,4.356902439134671,0.01869926428654925,0.0,2.5109034798494127e-06,1.3470075251364029e-06,5.781182861445161e-09
430,0.0,7.105427357601002e-15,0.0,0.0,2.6469779601696886e-23,0.0,0.0,8.757358363303027,8.150816422632907,4.31423510711937,0.01441851244988523,0.0,2.397058176336234e-06,1.2687652379882732e-06,4.240313039706234e-09
431,0.0,0.0,0.0,4.235164736271502e-22,2.6469779601696886e-23,0.0,0.0,8.786954163850627,8.180117500617667,4.304846833628755,0.02032904970486104,0.0,2.2883491074330068e-06,1.2042605021289308e-06,5.686955321467835e-09
432,0.0,7.105427357601002e-15,0.0,0.0,0.0,0.0,0.0,8.816564343721181,8.209432846263452,4.328219096392522,0.015555471746547917,0.0,2.184545874082826e-06,1.1517474285175894e-06,4.139340957429962e-09
433,0.0,0.0,0.0,0.0,0.0,0.0,0.0,8.846188908362388,8.23876246497967,4.32112168556169,0.01357702303112727,0.0,2.0854283447074033e-06,1.093779518726451e-06,3.436670105058639e-09
434,0.0,7.105427357601002e-15,0.0,4.235164736271502e-22,0.0,0.0,0.0,8.875827863223812,8.268106362177512,4.400793487635281,0.01617803722717387,0.0,1.9907861976708428e-06,1.0596185571757475e-06,3.895331265558417e-09
435,0.0,0.0,0.0,0.0,0.0,0.0,0.0,8.905481213756977,8.29746454327004,4.334051750024949,0.018657161730014384,0.0,1.9004184908825903e-06,9.926540864279822e-07,4.273162597077146e-09
436,0.0,7.105427357601002e-15,0.0,0.0,0.0,2.117582368135751e-22,0.0,8.935148965415154,8.326837013672323,4.43738145400625,0.01731538366673555,2.6469779601696886e-23,1.8141332450248396e-06,9.667537869979048e-07,3.772430408755268e-09
437,0.0,0.0,0.0,0.0,0.0,2.117582368135751e-22,2.6469779601696886e-23,8.964831123653559,8.356223778801029,4.41421539530056,0.01481452222284546,0.0,1.731747047238598e-06,9.148037054356549e-07,3.070167313785629e-09
